ID,y
459,114.63760028032213
1047,114.03642004913654
1236,114.18281273631824
1821,112.38373510316346
2002,113.65949451195748
2194,113.71208610971182
2240,115.71042622374587
2481,115.57640756026426
2663,115.21116786193194
2865,115.42410377660626
3961,116.73874864822305
4987,119.65598067389256
5628,113.39594739472989
5837,114.85585765847803
6363,113.71294868507364
6579,114.2434603265691
7242,115.21881636145399
8263,115.60404383264357
2404,95.80317647186395
3309,94.10050023718787
3884,93.60859456185044
5190,95.05191132263901
5205,94.83062690487118
5426,94.39025298505315
6377,96.13704088041622
6790,92.93707209815479
6878,93.2128041453418
7031,93.50614390137366
7501,93.61310205403879
7942,91.30175433824105
6585,104.01569307909938
115,114.27386795223254
142,112.98935003453373
349,113.37710084827215
606,112.59505079755588
1384,116.14057689945558
1492,113.20026887586324
1604,115.00148270710345
1836,113.26752189815836
2141,110.87575665474658
2200,117.99082211467805
2209,113.08062110824214
2378,111.71990748682276
2438,111.01488017639956
2519,112.7437057046642
2559,114.4999424384538
2765,111.86197853563847
2953,114.1584456257329
3059,111.5751671671178
3220,111.32699568996604
3594,112.52665472829263
4105,115.43252964624764
4296,112.62256385188353
4677,112.81092345190712
5099,112.00655352951976
5239,113.35178281289166
5989,113.59008942915959
6972,113.08896550254998
7003,112.04225062598938
7306,117.22077243484848
7634,117.23550149328258
7669,111.73208853322615
7721,112.00033825859744
8196,114.62368954507576
8316,110.52956678465557
624,137.09470992362847
529,93.12149051580066
701,97.1344531627672
758,93.72115748006729
850,97.85474971112582
975,95.38309823010208
1029,94.41531451178442
1103,95.4222995133706
1148,96.51557465769088
1923,93.23875560377353
2590,94.84397135364316
2639,93.80395592412754
2693,94.15222961946854
2760,97.02379068673956
2877,100.57365880079628
2991,99.52974919516197
3138,96.07601531493718
3393,94.87878998648517
3479,95.48038809956358
3696,94.28396683058638
3946,93.20492704055637
4049,94.3214743730503
4195,93.71357049556794
4406,95.59586164752153
4533,98.34408212676658
4672,95.67223721343298
4735,94.31852735751113
4901,95.05621012398701
5277,98.37357483668954
5283,98.67704699645616
5690,93.15168809946472
5890,103.09643743727666
6673,94.01354792826713
6715,93.02708679808065
6736,92.7985555542374
7199,92.19976859464255
7296,91.51037583383008
7787,92.38107063134125
8033,92.56975849275581
57,116.02167
453,104.44404281038688
460,103.33587455825136
464,103.16379334017222
552,103.58329162287355
660,104.387645245108
666,104.3960857809222
685,104.01614640747255
711,104.84925796038708
734,104.00856791838044
772,106.1640683773855
851,103.7715106456596
859,102.36076217858579
905,104.01881824507656
929,104.11513556730999
942,103.87281224144529
944,103.19343712773228
967,103.49878296346378
1028,105.21126759129402
1070,104.70892250588247
1169,102.86921930795558
1173,102.38105906109075
1177,103.66297175123766
1214,106.7232570610367
1324,104.70374329211262
1332,104.5090598674373
1347,105.84012211439254
1349,105.33826026921327
1381,103.03739598323477
1432,104.92050358024096
1532,105.05244695892954
1569,104.73740205705342
1638,102.89310412905176
1683,104.75852716264933
1686,104.71017133593607
1711,105.16856412083041
1717,105.60622528048111
1773,110.77846172346217
1826,104.13951157814368
1831,102.95026637063275
1863,104.45483993260139
1885,103.39175151871918
1916,103.6353247945007
1918,103.2398161142828
1924,104.88682966761864
2119,104.53752791878041
2213,105.05649554929637
2219,107.31096110389485
2298,105.57726278379066
2321,103.84008420285961
2325,103.8631521246602
2331,103.73036891636211
2386,104.30752773659934
2640,104.0227745011204
2671,103.40541166373843
2688,103.06220295429652
2705,103.35045950809142
2823,103.78700973261327
2884,103.52071105458477
2955,103.90739330331371
3148,104.0093900395325
3149,103.70122162872413
3162,104.66257329440907
3208,104.31615081522772
3226,106.34954297085115
3280,106.43549197965926
3380,105.33478975629697
3391,103.96126597202162
3394,104.06161136063118
3404,104.38940029941311
3478,104.74970932203142
3484,104.26376860430423
3586,105.44431032644339
3743,103.19884609332546
3967,103.23366206134362
3986,103.15140162742273
4008,102.6950285845274
4034,103.80082330505577
4097,103.2578990829104
4141,103.58114025229138
4171,102.84206021545769
4214,105.47358475857436
4231,104.60754134750921
4312,103.61862129762149
4325,103.83747726354439
4328,103.29037674731838
4330,103.08750126980556
4351,106.33365087785027
4377,102.93424270918065
4408,103.9455940666187
4445,104.98829363689673
4452,104.14691974926329
4469,104.8483685053531
4485,104.95478387478177
4489,103.69447653343514
4554,104.77048382121787
4613,104.38846411633976
4640,104.93225796696441
4642,103.24922222919348
4667,103.4669788243092
4673,103.36953372558582
4675,103.92902045216158
4736,104.0264994452579
4744,103.65493554849655
4756,104.26324620239866
4849,108.23279936611898
4888,103.89341323070433
4927,103.39644812508469
4931,103.82272421855191
4969,103.57258987250201
4971,103.30548024394352
5083,103.98052383768469
5143,104.17208924065115
5200,103.04037981584281
5286,103.7420509324913
5292,105.70001103796464
5294,102.77303844002154
5360,105.91282483407349
5373,103.82909940492273
5418,106.17179396966173
5444,104.13902406448835
5452,110.99861516349851
5467,103.79119093132648
5567,103.53212943311864
5825,106.64626605741978
5854,104.58480599948422
5929,103.76938839497821
6012,103.53798126640429
6104,104.1422067217808
6162,103.29136787799713
6269,106.80279794633987
6531,103.31068058627402
6607,102.8510999311347
6608,105.40275020656911
6737,105.97361505243555
6750,101.87668453145396
6757,101.85898000165842
6778,101.04327895332058
6793,102.98620178125744
6985,103.03881834093771
7127,105.74371709017821
7157,102.02484867816668
7174,100.87517706089618
7178,103.65927444581406
7239,102.50942309248717
7438,102.55255454303733
7524,103.93727904203426
7574,102.31508711909908
7715,102.07736613005049
7756,104.53667971851547
7890,102.1804338230873
7962,101.56088504738067
7964,102.11931476799145
7971,102.14521201611285
8039,102.7182691770053
8066,101.62826759538005
8229,103.50103027422419
8314,101.27993624604808
8347,101.27349840537687
8363,101.52826320239508
8396,103.14576163860706
8410,101.9370787042677
87,112.36007601547567
96,113.93973975202202
121,115.14738231312081
144,112.25465309335512
149,113.3174275994254
156,112.09102226731147
162,113.40338333744391
199,112.92540970059149
216,112.40686065011391
228,112.4474916038554
230,110.49543672863263
238,111.49110872757876
245,111.7160621651961
250,111.71639646029162
258,111.86332467065886
276,113.87316713370048
285,111.46327687265284
384,111.57669447043088
439,111.94736664570108
522,113.22536691172725
526,113.15665078729621
532,111.69554129671906
536,113.19984693302764
604,112.4662180917591
626,112.16305568745311
628,112.4974489730376
630,111.99289623404532
664,112.20786824213967
678,110.44670022398056
714,110.77982043790496
769,113.16038911972099
776,111.98452852637656
809,113.04667131314677
811,116.26116730237997
834,115.30129568576899
901,110.35671559863674
911,112.08068645852359
914,113.18100066240777
918,112.46535475880466
957,112.73482610248834
960,114.3490729233008
974,113.18114623332588
984,113.10168206004688
989,112.5133820181948
992,110.93736708125768
999,113.1658248255119
1003,112.1562336094088
1008,106.71967
1012,117.05938874156466
1014,113.85574306663368
1020,111.66734764486876
1033,112.63593395925731
1045,111.85441881517977
1076,112.41677321545399
1078,111.69897381305024
1104,112.71777587704871
1124,112.22314417804363
1126,112.1246430747935
1138,113.40269570008446
1165,112.39122914605161
1182,112.50202376419385
1254,114.82767407180184
1285,111.97499840026332
1289,112.28955218334643
1359,113.13501538030194
1379,114.73672122788173
1388,112.5841322974005
1434,114.23005254032357
1440,112.79264503542349
1466,111.92246496237767
1490,112.96214921279686
1518,112.68570843363635
1522,112.45629401603587
1536,113.09083973973685
1567,113.62285203796029
1571,112.44122814770355
1587,111.91677675578462
1619,112.4186984551825
1621,113.21968516524618
1625,110.68165926001734
1653,114.07261496197476
1672,114.00656476755698
1674,112.95118109777326
1679,113.52852792685214
1692,113.9100501339816
1702,113.48298956402006
1707,115.10667461289631
1729,113.25928851291691
1731,111.9558593294259
1745,113.38997186810371
1777,115.37741942423702
1796,114.00526774869944
1807,112.72406567659202
1813,111.66493745004765
1900,112.38409148503472
1902,112.20691097911532
1906,109.75831304731928
1972,113.06692479273465
1982,114.0044043228708
1987,114.08782024557233
2054,112.49550300280164
2123,112.72764602209037
2151,112.68673991089861
2168,111.60802545514763
2185,112.92665749597865
2203,112.63007269693593
2205,111.5806196098345
2234,112.42672698510363
2252,112.48925914793956
2254,111.9897494387324
2274,111.58341899073929
2300,113.15718295280965
2337,111.66268430753377
2376,111.7178917352018
2508,111.99854058186224
2521,113.5326303345646
2529,111.19746381218914
2553,112.49164313727994
2561,113.07536089224823
2563,112.45030949602933
2576,116.2302234267916
2589,113.0887353800148
2591,111.13557288129228
2613,111.18223093190166
2623,112.95002001200523
2627,111.30762392529668
2642,110.78576425118119
2694,115.23141383002451
2720,111.47946697535166
2759,111.2908294717915
2854,111.05711831496951
2866,111.8272377312407
2868,112.24626134722887
2870,111.30330579655038
2878,111.81490660998503
2880,112.08348247024118
2910,112.61049269557797
2921,112.22738852568693
2927,111.89283034533112
2929,111.64477158237763
2934,113.31303518349996
2943,111.92601394283277
2951,112.09210000245315
2980,112.12235044412853
2990,111.50351232696649
3044,111.32793029311956
3073,112.8793192439095
3092,113.09373922982559
3130,112.75837050391789
3144,112.61501671365689
3150,112.39370045448963
3194,112.8476631214636
3206,113.18303148344363
3238,111.28865699957323
3266,112.09728497457115
3298,112.65695137420228
3316,113.18871282760097
3356,113.75515536403377
3377,112.61540468485543
3389,113.29247464413078
3397,112.0819393676863
3407,110.38391458284563
3429,111.8564962988196
3472,112.21831513040975
3476,113.05960875948608
3488,112.45582544727706
3537,112.44357991178981
3545,112.0202709943948
3562,112.80920044102295
3577,112.31777323985386
3587,112.20155709127904
3601,111.81850298363524
3612,111.6799668642919
3619,111.31929299966129
3620,111.40613050142163
3644,114.0224557448775
3648,111.0874215152653
3653,111.81646359580903
3682,112.72170386495834
3699,111.76751502545369
3709,112.42052122612733
3715,111.83211528779627
3720,112.20822648413345
3741,111.71969939525177
3745,111.86938704877757
3768,113.20061480105251
3773,111.45043935229937
3781,111.87621456352049
3783,111.58288161212585
3795,111.52683678279156
3815,112.82643014075263
3824,111.38584918918333
3830,111.64963272249652
3834,111.63243245691427
3879,112.23427795442463
3886,111.24389539207552
3917,111.552960341468
3929,112.0504368966092
3944,111.33769095316065
3945,111.976592804495
3949,110.89097839685827
3974,111.3674757349753
3995,112.35594820855563
4010,112.048791440757
4028,112.1268327676974
4032,111.71063687447554
4046,112.88513637604399
4052,111.6798608291517
4062,111.50133931986441
4064,111.52485884832288
4074,113.14437455013585
4076,112.47146396202243
4129,111.9313700693188
4181,112.0751892666871
4184,112.51756110627805
4186,112.28216713824645
4190,111.47771762543111
4194,111.6917120841681
4209,112.90410161476984
4268,111.61468259428199
4273,111.21841050835722
4281,111.61221991778513
4286,112.02577109621866
4288,113.9408725871288
4323,116.17708652160701
4326,112.10573309921477
4332,111.16195250674957
4392,112.05416231064864
4396,111.77581549965623
4398,114.23607481124701
4418,114.28076873662629
4422,111.55681696551017
4437,111.86298192742701
4472,112.91679914988224
4503,114.24013106704813
4510,113.23775137152558
4561,112.77609327445487
4570,112.55403598418116
4583,112.24490725136918
4602,112.76288348334829
4607,113.24746016031229
4661,116.55710551510656
4663,112.67805377302177
4666,112.3443330833159
4683,113.57029713687763
4688,113.34223539844635
4690,112.38832658035248
4726,113.0901921163462
4732,112.90478978091512
4738,112.21880388652933
4752,113.27867055342695
4757,113.5939731116725
4774,113.62894798880195
4776,115.82039439531748
4789,112.32852131842999
4823,112.84129538768686
4831,117.62124792942286
4837,113.35496725253654
4863,112.63266400871969
4865,112.56314697529376
4869,112.71140030264769
4902,112.81574127057024
4904,112.83171532783729
4942,114.31401652815903
4952,112.27893762913135
4973,112.95876957120954
4975,113.11349824497766
5011,112.91548805037526
5053,113.01559484631552
5081,112.88788657041023
5101,112.44779877420177
5172,112.75348458440855
5193,112.56943001118725
5237,112.52009033216798
5248,114.46210536028559
5260,112.71963745741898
5275,112.4352998188207
5290,112.54544783330914
5310,113.53442612886886
5312,112.51608151054614
5336,112.31772610845879
5349,112.80265204280177
5375,112.75330190729137
5393,111.85236106801142
5397,111.92052864097083
5420,113.1893860929528
5469,113.53686787090669
5480,112.66758816390632
5482,112.35922276215358
5512,112.87965781069715
5516,111.97242627659558
5533,113.50283250769355
5561,112.80231828106928
5563,113.06916971870741
5586,112.48876892729174
5593,112.75126264668091
5596,112.37432906635001
5597,111.57642637442547
5602,111.88929006955254
5679,112.4640438608972
5691,112.25157609862022
5699,112.26699923871506
5707,113.11653781480963
5771,113.07577604820536
5777,112.48424323995523
5804,112.80672427524247
5823,112.7794478456713
5844,112.19715804113206
5850,112.78639492506659
5867,112.28652890050334
5869,112.12830880128683
5903,112.31967410140878
5908,112.09270590952697
5919,112.24668958774508
5935,111.45968157372045
5937,112.28075306648286
5946,112.02109644679818
6041,111.84566505296162
6054,111.52923753271477
6068,112.52575987995091
6095,112.53456326589487
6125,112.06186595135536
6186,112.14806065326559
6188,111.6987574463371
6201,111.29346273859024
6211,112.99242872378836
6213,112.14984127127052
6251,112.45922056944453
6264,111.5737727738092
6345,112.43117167717577
6353,111.93500086016854
6388,110.95922853542766
6390,111.14403228243793
6407,111.8136786887015
6426,110.72143169659493
6448,111.37721279034305
6464,111.75920858084316
6484,111.64251892883789
6535,110.99801121416476
6537,112.93237381758497
6551,110.63667000922219
6565,111.09939786365517
6577,111.15384446905398
6603,111.83959158289254
6629,110.61136538578789
6641,112.35577864929786
6700,110.93719534068867
6702,110.71039833900106
6712,111.31544344306582
6723,113.77837827098809
6731,112.53812395971289
6759,110.88296512228415
6766,111.87070246155439
6798,112.01253998341859
6837,111.14437432717305
6851,112.52202816448083
6861,111.1865649234227
6866,110.78491275306067
6931,111.43425300009407
6937,111.01426647098226
6976,111.56287148966408
6978,110.74588649351502
7014,110.77481899840006
7026,111.48482259913567
7045,111.06467304130926
7078,111.0642980261589
7082,111.5764378688123
7102,110.24270247107675
7110,111.01955071920911
7116,111.18125159240144
7134,111.96033648961237
7136,111.22740028005825
7177,110.83351430782079
7200,111.17754927038219
7250,111.7487942093998
7252,111.36918297838275
7293,111.71038263327512
7319,115.82811385554301
7353,113.8346163134194
7355,110.44386761607983
7396,112.4486428510149
7454,113.31098156578128
7457,110.80009243756342
7469,111.06395048460202
7508,111.21220346484165
7534,111.1591301848
7537,110.57848922735322
7541,111.18134647540744
7561,111.11309866016995
7603,110.97162641849134
7617,113.51535633162706
7644,110.96734109214383
7659,110.62750732877878
7717,110.91640185521742
7752,111.49175059033253
7853,111.12556519676242
7863,110.42924422163337
7865,110.40267940652605
7869,111.71450059612779
7877,110.73493261185973
7904,112.53265599403873
7918,110.45017350617267
7966,111.98017473813077
7978,110.77498541823661
7992,110.505569960297
7994,110.80728010154841
8017,112.35710035912363
8026,110.39874682272075
8071,111.5143314984892
8094,117.18097304512692
8125,110.56038219393629
8127,110.80783716754449
8145,110.47618903252886
8153,111.86761289619965
8166,110.6248231517989
8168,110.96769778097065
8184,111.68857974273014
8198,111.11075473369768
8199,110.3445192037412
8201,111.68272346162105
8211,111.11630682588286
8214,108.59400257382396
8287,113.08748304202682
8308,111.52846161791554
8319,111.94809055278536
8326,110.18616394157272
8345,114.39178758412588
8352,111.14398434348327
8355,111.5516054728232
8381,114.02923805369187
8400,116.19340492765492
8414,110.46563579132989
17,107.49691316809776
21,110.46402686735924
23,115.21953
29,99.32724240471684
33,97.40919375046269
41,97.75183535390101
88,90.33211
155,101.78443210802749
266,93.30867949296767
1230,95.62744470721059
1257,95.45388085513662
1559,96.57369367517617
1901,92.94389000882661
1935,94.11961641145224
1943,95.22070592873528
2060,94.68201948387328
2082,95.13397640329777
2222,93.19404939819081
2258,94.27054246334804
2492,93.52746493835828
2594,94.64783573467855
2703,93.44156790646696
2778,93.8025274901605
2782,92.9490105909793
2802,93.72495315561218
2829,93.54882379982807
2853,94.40761459810545
2864,93.15829118728693
2918,93.25209122681582
3030,93.98691358643994
3043,95.50579833775468
3109,94.24675543020528
3151,95.1679697007554
3326,93.60908330293792
3341,94.80535899512552
3421,94.43775739887003
3449,93.90505538034502
3559,94.08845447942058
3602,93.06109671413289
3681,93.27494234327014
3867,93.2032253347553
3935,93.27624580700524
4094,93.17258870229274
4102,94.0887872110177
4210,94.15672365444898
4234,93.76522016428085
4249,93.8722026389248
4289,92.83422332965006
4299,93.26870982719743
4322,93.6945292493023
4389,93.08963065037881
4434,93.99547302819728
4582,93.94475656102843
4662,92.55715688903153
4899,94.79117717177218
4953,93.64332477427575
4958,94.36519794733567
5185,94.67410672789566
5220,95.37370625924217
5421,93.10268631198994
5587,94.09241204339237
5607,94.74223426311444
5909,93.62498343022976
5938,94.74991102175058
6149,92.34816793211341
6324,95.58061722483335
6402,94.40582010140186
6852,92.7959840885964
6904,95.71663255899632
7150,91.93867232990321
7213,93.2196458861107
7251,93.79419352977659
7284,92.99713347585119
7298,91.7611283852852
7606,92.60595698335726
7773,90.4696270301231
8027,91.98774137484462
8054,93.52053912801777
8076,92.37169714873907
8141,90.93185998587751
8146,93.30682076251962
8279,92.15388485365888
8294,91.38923720859947
8296,91.23828237989055
8331,91.94233916785215
8341,91.05755138277539
8401,92.60646452018973
8404,91.47540668573522
659,94.03988526599504
852,93.25040739987956
1009,108.21841
2118,95.84115210030772
2672,94.11291179126671
2712,92.60277340963216
2922,95.03246049278054
2989,94.39839937384117
3140,94.27734871941199
3267,94.10201037791039
3668,94.09182994410538
4037,93.26538356732904
4096,92.92590294159481
4335,94.58955382612481
5367,95.1011876679808
5370,94.71518246518235
6182,96.80291197489068
6195,94.78270861445507
6286,93.87267152708857
6738,95.37137169888945
7417,91.83185300106327
7670,92.48254930492651
7893,92.2422343944794
7935,91.39647965459461
8161,92.17113323051314
8325,92.65070796097778
8351,92.16448479711168
8372,92.00360069508179
5816,103.98982153536456
1423,105.95581684925696
4491,109.69824316349457
5208,109.55827059742346
7394,106.67432026784421
7976,108.54843879848427
12,109.30903
15,119.9975960567768
22,120.31574757056414
43,129.79876
78,125.28849
172,115.8816280632962
219,115.85359784411246
235,115.93131167436151
253,115.93724
298,114.62118838345543
345,115.38719968538369
465,115.91317881915268
575,115.32110082675689
705,115.59016760426879
720,115.29845878871451
761,115.18103401144258
780,117.2295824091472
814,116.34815701733919
963,116.08231933204138
1016,115.68230620919451
1112,111.92718300841625
1171,116.38549158133384
1189,116.83081199469346
1209,116.44403704617666
1494,118.73670850735131
1513,114.84209378156761
1537,116.75893417712223
1570,113.03337134314324
1590,114.9121593996998
1609,117.02202226773518
1627,117.08284662803491
1645,117.84006431922656
1691,116.7113950235754
1890,113.10235078546498
1930,116.93097389889078
1948,116.83091975984155
2139,116.60161312585507
2164,116.1828467920971
2292,119.35350254313903
2329,116.770889217159
2751,117.69258042226961
2811,116.07755426556814
2892,116.41913582184725
2977,116.85720823710267
2985,116.89493091557357
3005,115.57911950872342
3061,116.43320765661987
3072,115.02787067961138
3102,115.57256329834009
3112,116.45847532045411
3127,116.25014307146887
3192,116.48744567612648
3201,116.7925152514673
3212,116.43996770433496
3272,117.17646292714393
3335,116.1923025440686
3352,116.95697187738011
3428,116.9680218524759
3442,116.73957878630061
3609,115.92369556360607
3798,116.2721121847979
3839,115.85247437448561
4072,116.31354853929629
4212,117.53004311378139
4439,116.43661656432664
4461,116.62899350735138
4707,116.82303493161037
4985,117.22046239039089
5129,114.95283101860373
5184,111.8828821822284
5233,117.70744452024628
5401,117.18097101251097
5486,117.62250462975207
5598,115.94162503768689
5662,117.016485383911
5758,117.00521658724779
5769,117.58833636955983
5796,117.54239466114011
6051,114.18212002458215
6063,116.53938611015955
6196,115.74542100318816
6207,118.04692876680865
6419,118.33151031443013
6651,113.25535835373937
6698,116.81856000397492
6725,116.40666976423245
6751,113.58351982220877
6764,115.49568977080196
6823,115.18702641054308
6913,111.92165697634952
6947,115.22840059529882
6991,115.96018512099677
7159,113.88666668708193
7187,114.41890401164666
7249,116.81325044333316
7286,116.19176535221641
7380,118.97778454007823
7551,112.2015551210659
7571,112.80935535494181
7608,111.31995574630862
7685,116.03171118806274
7855,112.28341415854351
8019,116.47223232859388
8090,117.33066569308988
8121,116.35288647136655
8182,115.96052349687989
8278,115.73843927052917
8321,117.55888525686912
206,93.53000180854849
324,92.95452228311062
430,101.36361879427425
1933,94.43612063628473
3625,93.79147839970733
5341,95.54710866940472
6071,105.33899929444199
6752,93.88273268944356
7385,92.25132780385513
7793,92.24197782020765
8084,104.47269819391511
759,112.34836379321565
830,113.3226090364692
2718,112.52234732356624
3302,112.2429661863488
6993,113.34468180936967
7028,113.36349438874117
192,113.27045896351734
364,116.36091407607523
1082,111.88996743966281
1089,111.9498677408775
1404,111.5137239792676
1456,111.78855000846539
1507,113.14619145079155
1596,119.55870044092723
2289,112.69028526531524
2373,116.27010558823035
2390,111.01797402297443
2407,112.09594222393171
2420,110.501149453329
2533,112.18496155209603
2544,109.78296903461887
2777,115.9019458147835
2809,121.05889926317248
2925,111.32256146304739
2936,111.08596260841539
4671,112.38073080738282
7906,116.2719815343733
3017,111.98268535282016
3446,111.50047352553509
3532,112.07308727877775
6942,113.13458484688147
8115,111.3452882269309
289,94.29295350904378
679,104.07676634378737
1727,104.97905491137612
2044,106.38932226389979
3134,105.61192581329787
3304,104.51638600076403
4048,103.76761325022035
4172,106.71146521677002
5355,104.61782554867848
5366,104.4667085973221
6271,104.34122538102552
6340,103.84815226437172
126,111.78388101983926
1343,113.35987943273801
3913,112.32158594253487
4320,113.48326884080393
4556,111.49553243577311
5134,112.32566743356597
7285,113.28604683448889
8361,110.77981177814445
16,107.88736742925556
45,99.55671
46,106.15507862806986
85,102.92371164390387
101,103.63220236776863
137,110.7651477830431
205,105.68774228725887
211,103.3008360452947
272,102.61091761273924
311,108.36719954903958
365,103.21123342602255
491,104.39332617305548
500,104.29278769565919
540,103.82600912471018
560,106.09288669024113
562,106.16370453023937
591,102.87112074985343
609,103.48579461289127
620,104.13970843528057
724,102.92360787562605
782,104.09900313388736
787,103.83780590085843
816,104.5754929976381
818,108.59068230376924
844,104.62446736951158
856,102.21201210859199
882,103.68171786690533
903,103.60467255261982
940,103.34744659015223
953,103.55168832667287
990,104.1285625642352
1043,103.71994920080027
1152,105.49675051261325
1274,104.6072828404662
1365,111.66920446829867
1375,105.18583369093847
1438,104.83781749963681
1446,104.13814139474181
1514,103.87675431594603
1539,106.43474005416867
1544,105.0248497385358
1554,108.33217550371073
1556,103.99339006250227
1578,105.19800086895384
1592,104.09443588959563
1606,103.44955034774775
1608,104.40031931069488
1647,110.28270204274952
1666,104.77493369282784
1667,103.38022759771412
1669,104.65408928742984
1700,104.97746724470475
1719,103.95077595440388
1725,103.79027406700935
1733,104.68491185032259
1753,105.01741322893993
1851,105.36429380716567
1866,104.08018386856452
1880,102.7753436995381
1887,103.06782749204046
1895,102.4930250604898
1912,103.29824119632322
1968,104.76796230228308
2032,104.65621343311955
2105,106.27408728815074
2127,105.89639960199406
2135,104.80476955406952
2174,104.37460842452606
2192,102.54436466943247
2248,104.12793836057459
2266,103.3340866902762
2283,103.06764933404175
2305,105.40526529989508
2312,104.8281548544228
2316,103.8240173782724
2334,103.21928989539832
2423,103.17422721544472
2447,104.32251950149673
2538,103.44558066479097
2598,104.38255651951245
2644,103.29149965468652
2650,105.96217578821488
2652,103.11546958657539
2653,101.10224235670175
2665,103.25294035060672
2675,103.60109475727195
2731,102.88130436244425
2736,102.70714948528719
2738,102.61258022048177
2749,102.59377082822463
2799,103.6804111234602
2807,103.13536705706714
2890,104.15569250835263
2923,103.36592161880155
2941,103.0694796112117
2964,103.33519241889256
3011,105.46428429382456
3021,102.95707106290133
3024,103.22508310587703
3063,105.58378905735638
3067,103.26942639039403
3088,103.60238142298424
3094,102.88270796369375
3126,102.5801386374887
3165,102.27711873954202
3177,103.94787794486058
3187,102.06163373068246
3210,102.95084982038809
3216,103.82142026094921
3249,104.05674148322505
3263,104.81938338893342
3275,104.65864139923683
3288,104.59212406436632
3351,104.61740378545767
3444,103.03406865748279
3460,104.69823100003582
3464,103.98955330429067
3467,103.7159132255141
3469,103.68581298184479
3470,102.76749668742671
3518,104.64315973856685
3554,104.83873682550295
3564,103.5428687807693
3571,103.77526072723003
3600,104.32267950666626
3626,102.23845069864302
3630,103.3373469296428
3659,102.72645896916868
3731,103.04389849635588
3739,101.83701648141327
3818,103.50180939998886
3924,105.24843238865589
3933,103.70621166960625
3992,103.83542650829611
4013,105.17377141953114
4038,104.10747305384223
4044,104.16882345354763
4058,103.16334321401528
4080,104.3080808167252
4145,104.30938315204394
4176,104.64660301355055
4178,101.56178889486002
4237,103.87233683787481
4254,102.19289783037748
4318,103.56721574022943
4338,104.65785223074147
4342,104.40534438746253
4344,102.61271305569274
4348,102.97543743498447
4355,102.50885870872897
4359,106.33457876656053
4365,103.78438436001954
4385,103.31473829694937
4412,104.27068555790125
4465,102.86459326950906
4466,103.81125503184167
4495,103.1759134212972
4500,106.4202649493044
4505,102.49463325691556
4508,103.57632032274431
4536,104.05199034273744
4542,103.46585183663386
4574,102.35247327072234
4587,103.42795075559513
4626,104.63961027249127
4633,103.70914016355727
4646,103.92880730883775
4685,102.95024681728756
4772,104.8057285957193
4791,104.17637845714553
4821,103.06878203863091
4829,101.47569959691009
4833,106.65298738621063
4896,104.7204661100028
4920,105.44981289321008
5005,102.5620705025819
5007,102.63036511276373
5088,104.21645859485734
5094,104.03201112056665
5103,103.14392745216826
5127,103.08955890656131
5150,106.0085504301656
5188,105.23358568473917
5225,104.14792008271938
5234,103.96084549206681
5299,106.27177686926912
5338,104.31906925919607
5384,104.15527489822365
5455,104.06069325863346
5518,104.39796778625941
5522,104.63393254202283
5535,106.7541955271849
5589,101.74245178509159
5638,103.92958908739816
5671,101.89514124967263
5675,101.52935201569801
5709,105.43547978441124
5730,104.26979864220725
5741,102.77680522755595
5829,103.7315083262643
5845,104.32327128683085
5864,103.13185445240765
5953,102.64853560539181
5957,102.81722659923128
5962,104.7833656666922
5981,103.48698948327673
5992,103.54354906231468
5996,102.01888919577016
6015,102.69748539115699
6025,104.7651635364072
6047,103.07066769860553
6064,103.22202135546065
6070,102.33119906317859
6084,105.91508767507565
6089,110.50855317518021
6130,102.85413778049401
6192,106.87328283996645
6260,103.03540813876702
6358,103.23635946503468
6360,102.83195747557913
6392,101.88011668026986
6398,102.40324741819632
6409,102.87575707283425
6439,102.35122420989391
6473,103.00581718966794
6512,103.40846341607364
6533,104.35610850647477
6555,105.38771490394379
6573,104.55463068022941
6589,102.354219138188
6619,102.05973834188013
6621,104.9062443536235
6627,104.60744889762448
6669,104.49267945139924
6739,102.09377012258699
6741,102.19166336562944
6817,101.63839376969564
6819,101.81625743112552
6840,101.50485928596426
6868,102.62480294158854
6912,102.65778352245552
6944,101.1482157804607
6949,101.89220134486787
6951,101.60675456807826
7024,101.46422975773787
7074,102.53881877530084
7092,102.24111389721755
7107,101.63262396080198
7121,101.78431662530022
7123,101.21619743207368
7131,101.37898504068585
7144,103.37233832550744
7152,102.7207291992579
7191,102.25033286879527
7301,101.30937558596194
7309,99.55660483043903
7324,101.9595744260921
7328,102.08464296096442
7386,103.32243719045482
7400,102.816585618607
7446,102.3285740850278
7450,100.8481694125245
7459,101.29957128808822
7480,103.23295119726113
7516,103.07955093657081
7518,102.23341669367308
7522,101.82539409600497
7569,102.40452139575433
7623,100.96815401738051
7625,101.53707803022935
7627,101.38310561430194
7631,103.75819713123785
7648,101.71244737918703
7680,104.67525490905734
7727,103.07417891282118
7735,101.17298593954644
7758,104.15038905715613
7760,103.01601063926974
7807,101.03851565663416
7811,101.53992749548122
7872,102.3840777990627
7874,101.46705366410072
7885,101.26718020306805
7898,100.2617189661721
7910,100.91828038379687
7939,102.64622063089261
7955,102.25132520407692
7984,101.12962845106482
7998,101.19876991858092
8015,100.94752433490022
8036,104.11121308379445
8050,101.03502804735713
8091,102.5374789090999
8139,101.85965772760078
8176,101.02008158750841
8190,103.12280994304562
8302,101.54848959685899
8388,101.97013258615853
8398,102.54569093192573
1,71.34112
3,82.46125476410232
4,79.00638676028802
53,82.44639005819228
244,77.94197463287678
262,75.35182
305,90.06483584189759
354,78.23413815240208
370,78.37790027439434
399,79.74682535990875
410,78.29878663417895
472,77.25722284769839
492,78.34935293521521
506,80.54977580211543
548,78.06018044282668
751,79.56472544926918
771,80.16055525334073
841,80.8013594161333
937,78.70186438968337
954,77.26131858383431
972,78.83989554209799
1025,78.59796218092949
1200,78.32028640461628
1232,79.58840775952962
1267,78.15297200761033
1392,78.8169899177698
1410,78.63688578659016
1426,78.80243556451173
1483,79.28707279200358
1524,79.48692156478259
1545,78.79194780769728
1560,79.40261389631983
1668,80.14674929166758
1752,79.39043570217747
1769,98.03175239149589
1861,78.23073070830436
1920,77.5908740026738
1940,79.07403646901578
1959,79.3508936558044
2004,80.01629122646786
2018,78.85907523205827
2103,78.13124548571462
2117,81.83599446434047
2236,79.41169737492585
2256,79.22721584014924
2280,78.53128479576428
2351,79.60832854398167
2412,81.74423388689964
2468,79.07523481639629
2510,83.2331965032564
2607,78.42086554438893
2629,79.02496276329258
2709,77.96428673221347
2801,80.20623434376304
2821,78.40274076935403
2835,79.12789550401608
2882,77.67214326783476
2966,77.62651280692891
2992,77.29313009424693
3068,79.43725950867567
3098,78.94248664123612
3232,78.1502252714216
3314,79.23518483156056
3399,78.61897791055056
3427,81.95219750936373
3465,79.09078162273956
3500,79.3692949339814
3535,79.25422211150241
3692,77.95127306535615
3707,78.01860592936895
3722,77.2216875089156
3832,77.5688003832955
3849,78.13549339478503
3864,77.32969967142206
3934,78.00918474326853
4011,78.61486249815917
4068,78.59728892421755
4092,80.34404133222442
4122,79.3437280996708
4196,79.03840125222571
4224,78.9692856247803
4290,80.90909807589782
4420,79.00368046825292
4483,79.44924937963947
4516,79.93673414605858
4532,80.67524039329946
4648,79.92635115126757
4710,80.198573375015
4721,78.86996524557462
4787,78.00891767171781
4817,79.69976184464569
4841,79.71548744187098
4880,80.11956946273541
5002,78.3692917742022
5077,77.95941780061618
5123,78.3491774761917
5154,79.61358203787289
5199,78.75090963409774
5284,78.67614174292528
5305,78.60704280135845
5319,79.41744132626742
5371,79.17933829212373
5391,79.25029290045795
5407,78.76655157127314
5488,79.94590084995194
5550,78.33387264910837
5565,78.78394025805083
5580,76.93055038233072
5595,77.50365278712353
5646,78.42429794473114
5688,77.47056328917937
5733,78.09100557536087
5783,77.68633132724993
5806,78.92478984453221
5848,77.9307057174066
5978,78.12724606401987
6029,78.97054144115815
6107,77.1219857901112
6123,78.26338342459348
6137,79.78148499050609
6168,79.12315279613513
6222,77.3005738078745
6287,76.63107359811733
6351,78.51144404937446
6382,78.20023847543312
6401,77.70438641209321
6470,76.8268208123852
6523,76.79964893685353
6561,77.90547752053318
6590,78.85329221253694
6631,77.9891408300262
6654,78.09468379514533
6676,78.16305365429399
6735,90.32183801893443
6828,77.49131745805172
6864,79.77275412954015
6998,76.3424268782985
7108,76.17647087276715
7167,77.33783265488299
7180,76.31555940699373
7236,88.1572593340364
7253,78.12021880025621
7313,78.04443654707234
7330,77.69839362446153
7403,77.51111731402693
7425,78.55358971356966
7510,77.1629142620269
7587,78.69239374655011
7601,77.76496199925957
7613,77.80717848160425
7628,77.05626984963459
7640,77.74605603186575
7679,79.7422017145235
7713,77.92661140109306
7730,77.84420949781979
7750,78.07839670665724
7799,76.46117391526276
7833,79.61700643447254
7871,76.71198467909403
8046,76.50752747060932
8256,77.57898904703352
643,97.57521537537063
669,93.26102370099572
932,93.8632128521209
1062,101.44992181519576
3753,93.843921756793
4075,93.26667923649693
4716,101.18553717301192
4960,94.05879461895216
5774,96.22279356181139
6784,92.15087100787918
7148,92.82259636397525
7397,91.74433577483812
7540,91.90649190964241
95,93.85121860090874
390,94.04597485077522
419,93.90496675030306
1166,94.34233707967651
1331,93.88901094737616
1848,91.79231698046486
2076,94.31581572167022
2308,93.58845325433003
2326,93.43461313294638
2962,93.15658308666423
3176,94.88491453157008
4045,93.02935823005679
4968,94.25230540257314
5308,93.47432292521735
5801,94.21337449711216
5930,93.48488206920781
7360,91.87401566589726
7419,92.25690369496552
7997,92.4360565349399
7805,109.63092330615105
3137,79.00537367207514
4151,78.15215618337132
4498,79.57926926224486
4771,78.86566054448652
5964,78.48996399484228
5999,79.07537009141429
1945,110.86851823148267
2602,111.60390029407738
3528,121.36631917618793
5413,112.56737908403939
5939,111.01414817372715
7943,109.89990479287012
59,104.54067333141109
72,110.54742
76,104.15777753503943
382,105.11571495272737
594,103.41826894976066
618,102.90696818453314
1154,103.8450041179719
1191,106.90216789953759
1496,103.9742728276254
1644,99.14157
1844,102.28372914240741
2022,104.7681264927528
2026,106.95268549024257
2157,104.02481434884267
2600,103.41945332665034
2996,103.36410639149808
3254,103.95723346266611
3828,103.34081348295588
3875,102.7257539268701
4493,107.4324848046413
4759,103.50932982141497
4764,102.93798602375314
4944,101.49407554471475
5229,104.06335203561927
5256,102.53641349564374
5280,104.16278504369181
5437,102.91503723165779
5479,103.36495140352928
5495,103.73355370220281
5591,101.74042555228861
5673,102.96477290964742
5748,105.34043554181403
5760,102.52853311587961
5762,102.21984423192498
5791,104.04041987563023
5897,102.54233088776368
6045,103.62143539645994
6117,102.85370632180513
6181,110.58823159127225
6194,102.53687975461916
6304,104.10924318881841
6342,104.30464037014491
6510,103.54435109132844
6681,102.97110476071923
6685,102.2086042021682
6806,103.01203444236326
6970,102.13188451696703
7017,102.29013476874638
7051,103.28110912244664
7113,101.62102279766957
7164,100.8213829389407
7504,103.44706238164007
7526,101.37267527301368
7528,101.09715514520632
7554,101.2854411033665
7619,103.30122379827394
7632,102.78521386022108
7725,99.7889575248145
7818,102.96795617923094
8240,101.25047230070264
8366,101.56828723267436
511,93.0187997307591
537,101.29026649082334
688,92.82235306545492
1157,93.76952356145857
1258,95.72311866678842
1448,95.0430562494256
1482,94.3290210223716
1818,93.09966551059755
2102,94.41009592590376
2535,94.65205134466747
2787,93.85276600377564
2840,93.94017920886404
2971,94.45089539017829
3018,93.43868302423142
3055,94.20981166195581
3240,93.99100545056228
3431,93.52489766911488
3529,94.11276631070393
3687,92.73861772018967
3938,93.97467253596649
4617,94.17846321740149
4622,105.13206934396446
4796,94.33170140420299
4877,94.06901722038997
4910,94.63116541510514
4948,95.11153089124163
4984,97.92834145708916
5018,94.70817094809365
5034,95.3242043337476
5458,93.89621950885028
5464,94.48484604122233
5880,93.55097469801457
6108,93.53951748582976
6165,94.6467596380619
6443,94.80508934143391
6599,92.06709439529557
6822,94.445718569772
6884,93.36990665248383
6964,92.49378552948424
7248,92.3838835360112
7279,92.13913975611062
7341,92.37079844118854
7653,92.38161074352695
7702,92.36596894069494
7783,91.28398575891435
8044,92.1473339302972
8080,91.57285117016251
8100,91.03275121264505
11,102.78031019173976
51,93.87127043461741
84,94.11971080621113
189,94.17639639366837
193,94.98170473552439
210,93.28981268817249
306,93.70225722539726
434,93.64012743363322
458,94.12577165703465
501,93.84637684340713
543,94.38743018333896
595,93.84545499950384
610,94.43025927673038
823,94.13122339006007
845,94.28014673468532
883,94.40986695694407
1050,93.79951619140031
1054,94.29262009390327
1057,94.50667061204193
1114,93.6285246740419
1145,94.54576551766813
1281,94.336642613345
1376,94.91222515308827
1398,95.00973057511692
1403,95.34069614769703
1407,95.24716242534107
1461,94.00675409690554
1474,94.63254506827961
1543,94.32562003121518
1550,95.03581561238535
1599,94.29024271124645
1646,94.71309747923
1658,95.02402213639664
1661,94.5829547687194
1695,96.85494205013845
1720,95.13179024823519
1754,95.52732561912205
1841,93.74439326071767
1952,94.33175876480168
2031,94.38602145179327
2055,95.21903145081076
2128,94.34974983690392
2132,96.77947814858913
2230,94.41173317524776
2269,93.81053865123654
2304,94.98858019236253
2374,94.18774562420917
2402,95.09016288027715
2422,94.10734581744441
2443,94.20907014688368
2463,93.72097629336447
2478,93.06846974825233
2572,94.37132683513694
2603,94.03122813075622
2899,93.3124437686173
2974,94.0965118938082
3255,94.37874995357292
3269,94.20733000767707
3435,94.23880260153463
3445,94.38697323683823
3497,94.03830703610056
3517,95.35690692885093
3565,95.06275044596528
3631,93.56449245343485
3790,93.29508114680338
3847,93.70956394287448
4039,94.08728053516553
4085,93.63291658351936
4117,94.1424241552888
4276,93.72130636165166
4356,93.45509973472998
4361,94.50351679266119
4457,94.63123042196624
4460,95.37630611897909
4494,94.79266079306483
4537,94.59991584518419
4577,93.6580568330877
4625,94.00183430250455
4635,93.05637388714116
4708,94.80447144594935
4718,94.54613719025394
4729,94.3676878036934
4747,94.74551406968423
4750,94.73875335175289
4765,95.28720046351475
4792,94.97097939834367
4820,95.31617392036098
4852,95.6752862056253
4936,94.9807319709093
5004,94.81956582297182
5022,95.93028388037442
5057,94.27737790748222
5069,95.14205061757089
5104,93.88072723787354
5109,94.08309716512697
5113,95.04496497772807
5125,94.5803860431998
5128,95.08036958675852
5149,94.54870397698676
5207,94.38564048127837
5214,94.32431514733275
5253,94.53163113744074
5323,94.4727311068671
5368,94.63055926935169
5383,94.0803999423058
5414,94.24160238498375
5424,94.0721991840001
5472,95.57459836856269
5504,94.34930560899078
5547,94.81273149222557
5616,94.61166738232323
5623,93.42414340205077
5674,94.11158247768192
5704,95.11628864522935
5710,95.98291608108399
5721,95.87271664950248
5725,95.70731443496379
5731,95.29326813611839
5794,95.49723933937663
5797,95.37323686884834
5813,95.15839162438049
5911,94.0662868788562
5926,93.82804882613057
5943,93.92188234004294
5954,94.51627970097172
5961,94.61036338493916
5991,94.02048482404719
6004,94.60702309546748
6014,94.33797039229735
6048,93.69011240591334
6059,94.14121304447282
6081,94.6418458552967
6116,93.2397926189044
6180,94.01693718614327
6193,94.40616065135407
6247,94.19479143978265
6261,93.92557665770705
6320,95.71518997225074
6357,94.92541206860172
6371,96.3206639779218
6379,93.96892044258038
6430,93.74497804400299
6434,94.59183964702088
6440,94.10412149422375
6467,92.90366510531344
6474,93.83639932812578
6513,93.50861232493516
6526,92.71267355382008
6534,93.3723381241342
6611,93.06258392402374
6618,93.95092389079487
6636,93.51154186513054
6668,93.79132141940522
6688,93.80934983897332
6694,93.54120691912965
6745,93.2534310021103
6810,93.43610896048078
6880,93.25432505717595
6933,93.1790832197792
6943,93.28000612564479
7018,93.59800302802903
7039,93.41370411785789
7057,93.19685576461767
7067,94.08287573222874
7106,93.31905905859155
7184,94.02284425802138
7210,93.55705089880651
7227,93.1726741120616
7289,93.17565685679074
7308,93.68273186582348
7325,93.21215243997143
7334,93.34218035295008
7366,93.11273547492867
7375,93.25645684509065
7441,92.70173625051957
7451,92.23155589683329
7464,92.62272316881054
7479,92.79933718743905
7491,92.47999667303327
7495,92.23965356042667
7503,92.32518124237977
7519,92.61441619898945
7553,92.99234572159412
7564,92.36169752050944
7590,92.64510182370243
7626,93.13701262663018
7688,92.43769748101526
7692,92.18464396641593
7696,92.65697609725437
7765,92.5506689562731
7768,92.16261464498143
7779,91.084906588222
7789,91.73318524716949
7819,93.27649389256028
7835,92.93616828028541
7844,91.84830650804504
7883,91.80086171148257
7886,92.55173696682334
7905,91.7702607115224
7909,92.08052103527534
7983,92.57031350766424
8023,91.81080237697033
8035,91.23306312660588
8049,91.86583640853605
8053,91.5139360539679
8179,92.38771308612024
8217,91.9558611426642
8222,92.01028013444886
8236,91.82110587644341
8260,92.38735402002885
8281,92.87810097553749
8323,92.30315681953493
8389,93.38691321271949
3705,112.33836544918582
6097,112.95039563245537
6141,112.4806649603994
20,107.00540254321702
65,105.0516320970036
83,104.54072743305203
135,103.56437786271306
201,103.804644158869
280,104.36929832834512
290,103.36811337773254
337,101.23135
339,105.3267685892489
396,105.21090128147823
457,103.49713776295312
572,104.56937866165497
638,104.5416954700147
1244,104.86932306077237
1394,105.37113793938971
1756,105.87625483050839
1760,105.58613173316871
1780,115.75226127598005
2009,107.397304261392
2030,108.00437352555586
2056,108.80717304258981
2093,108.22755806866057
2369,103.47545180956809
2490,105.2168218137836
2567,104.61233064589851
2604,103.55327891289211
2757,105.260085162337
2963,105.8930463263357
2984,104.7195000591438
2986,102.80349354429502
3124,105.54712091508084
3290,105.34628198328555
3338,104.14792145875845
3358,104.25255646467576
3508,107.1405456973276
3632,103.4181706721776
3855,103.86032808957567
3897,103.36392357569927
3971,103.19272988299683
4242,103.45880597125596
4383,105.89920472511585
4851,104.51414540655337
5640,105.4091979695251
5793,106.44562689127285
5842,105.36257550361807
5858,104.29867505570958
5944,102.96599755449996
6058,104.22656205193066
6262,103.4486957753215
6416,105.50157178119902
6525,106.32610940266022
6981,102.1499348486351
7049,101.86513858268249
7211,103.78839408912397
7363,102.1299434433948
7416,100.9928204537581
7423,101.19513727165531
7440,105.37975941066418
7494,103.16782356939648
7565,104.32557261677266
7776,103.51309391036231
7894,101.81084353476348
7945,101.75753033106878
8243,103.32324421340013
622,111.17595650692637
693,112.02978261478654
2075,115.70554474587873
2085,112.15955717396407
2606,112.6666584695285
2646,111.60314834707174
2677,112.37431418940325
2888,110.73257631438408
3360,112.19478883911849
3893,111.37977588900117
4082,112.65717552907977
4193,110.71638103136634
5114,112.3228217264657
5726,111.69635636500266
6003,111.01468252807751
6128,110.77942272704688
6690,110.95226196584328
6853,112.20404698992354
7382,110.95452983859424
7408,111.61838703768387
7794,110.82852263959546
7800,110.37966446099244
8218,111.84128925133007
8330,110.81486525590702
8359,111.47132114191834
105,108.5069
132,112.14010942031972
221,111.48071420577263
293,111.64123135501472
378,111.44768145581702
393,111.5428780863515
443,112.73006615275982
510,110.71490901565822
581,111.82380971837013
745,111.59947597618192
949,112.38499995996942
951,111.99647877797865
1037,111.24345884290824
1117,112.74328236833973
1197,112.7769091978077
1218,112.11174876295195
1338,112.89714508016816
1422,111.95422617691524
1551,112.06716271586656
1598,111.38231673964872
1687,112.10929921421085
1735,112.77430258239944
1758,114.37146183921247
1934,112.39310779519433
2067,115.99403466504789
2190,113.77212125445601
2233,112.78219075560715
2259,113.4816492201752
2332,113.12341953095678
2340,112.38859734858784
2371,118.48232381917455
2398,125.48626864209484
2401,112.98863173964189
2523,112.70147828191489
2565,111.52945477998736
2579,113.41851843400771
2657,111.38682413546242
2820,112.86491477072427
2841,111.9750225978889
2846,112.85328493379352
2911,111.3789808023007
3046,112.10203200613023
3096,112.24454338565204
3189,111.09063759050832
3252,118.0686374953258
3329,111.42172731632324
3340,112.04803545560621
3512,112.8334324015666
3530,113.56641229560806
3762,110.81339391921576
3779,112.19052307104941
3953,112.1301383106199
4016,111.55761936634667
4107,111.5950627844744
4134,112.96387094532541
4159,111.99815840388514
4161,111.7432318245608
4211,110.95638376804743
4303,113.47289316840681
4431,112.90452749239829
4562,111.36474501825728
4566,112.39938706053199
4644,112.68398532780844
4692,112.7277372718434
4700,112.05866266841322
4702,111.29903638205764
4795,113.16389889746078
4876,112.9368098857883
4939,113.97385518073531
4979,112.89592191199449
4983,111.71280520354112
5019,112.44892672098017
5021,111.80955240809463
5039,113.30867960867606
5049,112.30654912893412
5076,114.06854346040143
5093,111.79378731042918
5105,111.75183651592563
5186,112.28180723732606
5189,112.39672292050427
5227,111.91461288840246
5241,112.05608083085514
5362,112.17775383214253
5364,112.68999593364504
5378,112.54353071170802
5463,113.3417220826572
5475,110.71667105894308
5529,111.98885633152595
5548,111.99552071454673
5613,112.00028818512517
5745,113.05583955498957
5766,112.36293606595082
5780,112.48378759848538
5808,113.72656859655619
5833,112.14738407025261
5879,112.64178199465357
5910,111.9798257481533
5912,111.99837990206464
5942,111.40424805790273
5983,113.4781125465813
5997,111.53504325787712
6006,111.89889803628829
6049,112.04728591715946
6106,112.63522109979976
6169,113.49460989773547
6279,114.16397345400507
6281,112.98972574426698
6298,111.88825850718126
6308,111.81589103210906
6336,111.656692520003
6347,111.6448029885857
6349,112.19835690018219
6383,114.21645914287224
6403,111.23164577018365
6431,111.08350833201344
6458,112.1533609511577
6541,110.73659212164607
6548,111.13253666704433
6582,110.62855522461786
6601,111.1777977628745
6768,111.42329777616551
6815,110.95131054607681
6824,111.28240488382475
6863,110.84655873434217
6870,110.4904055100486
6874,110.09224532604469
6877,110.83412430674896
6883,110.16277413420562
6893,110.2700624597165
6899,110.75025613258622
6927,110.17424345218588
6946,109.87865901887119
6963,110.30993031786538
6995,110.4144278063006
7001,110.34718722883447
7060,110.94100144774211
7085,111.10645022942934
7181,110.58144293903031
7193,110.86103623329525
7209,111.10091436051584
7220,110.81515004482905
7247,110.84722790416858
7273,110.8748266600616
7281,112.54058465571711
7347,110.02866217996977
7349,111.21728617923004
7369,111.15472743758174
7414,110.48325346663007
7467,110.96568804008837
7545,112.20073913656488
7650,111.32359015148059
7673,110.36473188304956
7843,110.16079359182781
7896,111.53010608148635
7902,109.48054855138703
7991,109.75439972531149
8062,110.89917689891216
8064,110.02220162237909
8111,109.80842705650888
8118,109.66879620392928
8129,109.39235322344922
8148,110.27522066259154
8172,109.64164147447666
8208,109.48636606177531
8267,109.53562364972667
8272,108.83667552502418
8280,109.26514542961003
8328,109.7939054575886
8353,110.92038651966395
8408,112.30989073957126
8409,111.11513476277521
327,94.09429881099561
696,94.42851280285282
888,94.21245307410977
1083,94.03905866233397
1091,94.17840487596112
1364,94.53463748137607
1852,94.72907210507914
1969,94.89082728744074
2697,100.15789422776083
2995,99.34691689590215
3084,98.81358830094642
3359,95.46928080448795
1888,92.83073864664452
2599,94.47262958728702
2789,93.83303122393791
3932,93.38930428491828
5629,94.48930293260345
8068,93.01403188026997
316,92.67270441887142
1111,94.32292982988763
2098,93.49360699911351
3461,94.32106893819348
4146,95.5499678757131
4364,95.37024037387556
4475,95.28331897539574
4945,94.89448730953916
5164,95.14417305085131
5257,94.76606610541968
5599,94.17238391165957
5656,94.71325269653705
5670,94.25477768898872
5718,94.93216713318594
5790,95.92519652002333
5830,94.99688435492332
5896,94.22222380216164
6393,93.97932285758161
6773,92.99186571472337
6818,93.41240214158059
6869,93.60705507966615
7008,104.89517926231345
7075,93.84256279321573
7094,92.94928996075772
7132,93.42760084145128
7338,94.16264926122888
7515,93.81431722190386
7747,91.9133674617323
7858,91.91168820462838
7901,91.35836976057062
7930,92.90031271544972
7948,92.15192823629991
8131,93.08122614419965
8339,93.49350761109292
104,92.37968
191,93.04305752206865
195,92.4972659983884
220,92.3244036232917
227,97.3082897943337
304,93.19151640381318
314,92.68675197870384
329,92.8411816782904
377,92.63170151102962
409,94.17447421274426
512,92.66798628917286
518,93.1751548416525
717,93.49520658542964
721,92.72482123175105
738,93.06977199937405
746,94.0663511867737
848,93.46391867166922
1036,95.48901997195242
1038,93.15633065587633
1109,93.77139839599312
1116,94.3981747887885
1146,93.38438055106899
1198,94.47647357846233
1277,94.01786458897163
1279,93.95947934476692
1308,93.94667580779492
1316,94.49476085745175
1319,95.64372210903348
1352,94.18378695618317
1400,94.15662290084326
1401,95.85755492121088
1453,95.86306808076078
1459,94.49118944548961
1472,96.15742539773623
1508,93.83357138607245
1511,95.12131778409851
1574,94.32772746335634
1584,93.9370184152047
1690,95.31903410668956
1693,94.46024118602251
1696,96.32395346539624
1762,95.21852814212673
1820,93.18815530721577
1949,95.23568762251807
1954,94.32686568518947
1958,94.23022211224952
2059,94.0490819947978
2074,95.63461527589608
2241,94.97005677696116
2345,94.8882684397363
2349,96.13644087960688
2358,94.92320862391603
2392,93.82747503882028
2444,94.9014643728015
2465,96.9979753131152
2480,94.92821614108975
2734,93.35930368278325
2776,92.64905876448829
2893,94.72107541452732
3015,94.14497285708886
3122,93.54101360903199
3183,93.40158849706727
3190,95.67363260643742
3229,94.58501978855965
3257,95.01258043510931
3462,95.00929875355024
3511,94.52498617186593
3515,94.47024245850287
3531,94.852300465998
3533,94.67978477276444
3567,93.94146153225692
3646,93.15719972979907
3673,93.55157373464262
3675,94.09259602531517
3751,93.6899090212443
3761,94.22372802217573
3763,93.61549167871937
3765,93.25879769318799
3778,93.69585741122307
3845,93.41550577284245
3901,93.22010030336607
3952,93.45810448673107
3962,93.85729802268293
4070,93.41515326447166
4120,96.11933051638097
4156,95.00365014371819
4160,94.32615375590285
4192,93.53622903437973
4217,93.73733320436524
4293,93.1024102432957
4462,98.26002894840879
4545,94.60698597690873
4595,93.89868814631046
4619,94.63192504972442
4670,94.05741281291357
4693,93.78622902843263
4780,95.56171261254023
4784,95.34644063854743
4809,94.36073790671173
4844,93.94133057900133
4912,93.90782363055273
4934,94.9635055624661
4978,94.38229761037
4982,96.09756367630261
5020,94.09073074640897
5036,94.34077889692246
5038,95.30112119113208
5059,94.71971436623924
5111,95.07378027451063
5115,95.03246094430813
5148,94.34389839930638
5159,93.7796928778841
5166,94.18171390404514
5244,95.20426249652341
5297,93.70959062502227
5474,93.91531665303332
5503,94.13682753550756
5614,94.90642368777458
5723,97.05119948984287
5832,95.81774756599873
5878,93.61926931038666
5924,95.91905032416683
5969,93.06671554434327
6002,95.01219144603931
6110,93.33650036982044
6146,94.22714074927721
6209,95.39485698466439
6276,95.18939760556232
6348,95.50007483411319
6370,93.9004117556259
6411,92.60398871470024
6432,95.0003816650812
6441,94.32694010221944
6581,93.06331876873237
6600,92.90593687191397
6666,93.63975135166463
6693,94.22047988560037
6816,93.31626654384748
6825,93.66394392234629
6875,93.64483703495223
6894,92.89890648327419
6900,93.26150327314865
6996,93.68743469253535
7182,92.73546939468922
7186,90.82235101006923
7204,93.21047760739854
7217,93.87503371802099
7225,93.95762334815156
7245,92.17830015104238
7270,93.27281910357765
7287,92.01709649270686
7339,92.74790665945011
7373,92.83908821021855
7383,92.90167087079374
7462,92.7220038247865
7466,92.75060259850227
7655,92.66641559465639
7698,92.95600936712964
7742,92.28663972586746
7795,91.603083394848
7828,91.51357935332362
7881,92.56253683889081
7913,91.93773291709822
7950,91.90821807460053
8250,92.6325789551726
8258,91.39134830626365
8268,90.61625550614008
14,98.67112899629042
19,102.63917642489548
64,94.05493788926545
73,94.48839844238864
82,94.20543871027719
138,93.70242898642839
182,95.01315670724703
188,93.8126720877931
204,94.43401945091928
279,94.29107226782561
291,93.780519103864
299,94.31502284471628
338,93.41426014443554
340,94.08410263700573
366,93.8150853950436
368,94.06143236168828
395,93.94455650986708
436,94.56124637299418
446,94.15132548385998
475,93.8692371683734
539,93.68331195802791
541,93.66014108908178
559,94.11627155178469
573,94.14371052594755
593,93.36362182055068
608,94.23116106925984
637,93.12336722650059
687,93.82884908535182
725,93.7511513657871
788,94.22840391247031
817,94.11380963209633
885,94.05228496478351
939,94.63128123452891
952,95.32109485232195
1030,92.8816713827252
1042,94.04797382714135
1059,93.9265265752291
1093,93.64967276538965
1153,93.63156425329119
1155,94.8644236801959
1162,94.53542706165904
1192,95.53901250265335
1226,95.18297622611537
1260,95.39526696304165
1271,95.99823265718389
1275,95.71007444482427
1314,95.67911000328752
1337,94.91220258544335
1366,94.20581893910169
1372,94.41244556328873
1395,94.6016585839202
1413,95.37769357203099
1415,95.53361441708576
1425,94.64790759913326
1437,95.31055955933714
1445,95.57705581511135
1455,95.47078641126551
1607,95.2954961230131
1611,95.23441260563997
1613,95.27877381861698
1643,94.73533316192777
1663,95.98186983406056
1665,95.33646575636385
1670,94.94493848696392
1722,95.12768247842523
1734,95.06396055398208
1738,95.95993604631148
1755,95.93136006779037
1759,95.63325718567212
1779,98.95072367188838
1822,94.05426191099475
1867,93.04150912146035
1879,93.66531081554366
1894,94.90228232515908
1963,95.29949152525337
1971,95.70480249295002
2001,94.83573817351085
2010,93.95317479449034
2013,95.59048919255697
2025,95.14825173497411
2040,96.83079155027026
2066,95.628343715994
2092,94.2545844039886
2106,94.62797916288999
2126,95.48280170786279
2146,94.37206012974453
2162,94.99580276407421
2173,95.00461686628319
2178,94.79573377229094
2180,95.2665604734782
2249,94.34356483580098
2262,95.81274729588745
2265,94.98452790330668
2282,96.25079890580162
2306,95.1242996845411
2333,94.98995664531947
2360,94.33309566678014
2370,95.12834802406469
2450,95.29413291802945
2459,95.77540734319878
2489,94.80725969093139
2496,95.81385979277212
2505,95.96580949937055
2515,96.22569961300276
2578,95.9039203339482
2597,94.2917809476442
2664,94.00344251947452
2713,93.82593421529596
2737,93.1147142317841
2792,93.58410664068661
2798,94.69353043004806
2808,94.92526384230199
2838,94.42441660507366
2842,95.46381732731167
2851,94.58374607901158
2887,95.79549833507595
2889,99.88503701520807
2983,94.25484094747293
3016,94.21323989428076
3066,92.87205119019177
3125,94.47634608795015
3152,93.52335982953828
3197,94.90702819851208
3204,95.37014622383856
3211,93.79004483330174
3236,94.4257301233223
3253,94.556909848643
3262,94.99662467996889
3274,94.65616587881874
3283,94.8092184219231
3285,95.49629699712416
3337,94.40290845435813
3339,95.27234365850654
3425,94.59217194720391
3443,94.85231979839834
3468,94.42934241706136
3553,95.21366476960547
3572,95.1835438981529
3599,94.41745053719758
3660,93.74865104378655
3712,93.22730181468766
3776,93.75881960959366
3797,93.56103990131214
3838,95.97225673931955
3856,93.64601123426536
3869,94.03307160158734
3925,93.3131562054753
3936,93.93638476878505
3991,93.271293429019
4025,93.73288761507278
4041,94.35460977871787
4043,94.88210127699396
4118,94.4966561911209
4144,94.7562149155216
4177,94.8848885657358
4236,95.09777107926489
4278,94.13446539466099
4341,93.99017074052738
4360,94.77049784332819
4384,94.11482448425373
4415,94.52939397565125
4425,94.51248400650901
4492,95.56044828321495
4506,94.80144605909148
4507,95.285425756208
4539,94.98566272704609
4575,96.02009937612361
4893,95.11348289133093
5006,95.167134216418
5089,94.06525662235818
5095,95.13962833969667
5118,95.00672260909612
5132,95.39809832168665
5212,94.76820170229725
5255,95.04405800367813
5279,94.80403847805565
5306,95.18097931334573
5345,95.76814336948178
5431,94.32026736314258
5456,94.67606071725424
5460,95.52171788842873
5521,94.52221443682076
5574,94.65800182695106
5633,104.45098195982719
5639,94.70637608141881
5658,94.02981388437047
5672,94.65449922033201
5676,95.70663594517418
5747,95.7707445795719
5752,96.0167105058983
5982,94.31991882732355
5995,94.79115242036829
6024,95.38039693661524
6118,94.1261241328023
6170,93.08661912845861
6178,94.14771106713663
6438,94.1984802629856
6445,93.9979402302165
6506,93.52725555042235
6528,93.44899856522098
6568,93.4644400719014
6604,92.82611866729654
6638,93.35294831280224
6657,94.00997437739538
6670,93.14816311940253
6774,93.15294515387195
6807,93.02791833279544
6820,93.0901575022556
6926,93.03522909096341
6945,93.78425091665925
7006,93.92554271902854
7023,93.7409343398909
7037,93.39191527538951
7050,94.36539371245665
7112,93.28393548995133
7264,94.68491810447973
7364,94.10058896929299
7368,93.24975585154941
7391,94.7848004643367
7422,92.94836961745494
7432,92.66372964584166
7505,91.7274282077118
7517,92.80503204979044
7521,92.77507717102958
7527,92.62576700684254
7529,92.78943005773901
7555,93.10646488290884
7570,92.69307228800888
7618,92.49118055407938
7624,92.91134560627052
7649,92.2383032485094
7672,92.83569262804565
7704,92.36904307578102
7791,91.92580150925126
7802,92.97340630639455
7808,92.20193408490415
7946,92.16110154610413
7959,91.64806863433716
8110,92.12720455903661
8112,92.48199353336649
8138,93.61120243703662
8191,95.30102123536422
8264,91.20030576647241
8334,92.10126472214303
8349,93.06114521605048
8407,94.30029341205058
7420,107.85847938036063
978,116.98236503636804
4114,114.82818700813765
4267,111.71730137819982
4336,111.31979012706779
5693,112.98898470025749
5773,112.98569790100714
6939,120.90487753902721
6953,112.10992077459814
7012,121.39346205502079
7567,110.05437711091334
114,93.82328287992455
167,94.23556349495762
346,93.92880136295882
350,92.97741849905286
353,92.55774793876417
473,97.08176410681487
497,92.79345499365796
521,92.78438268104941
577,93.47394258158947
629,93.87402811716959
657,94.89101784102736
812,92.70431584881919
831,93.73353987989515
867,93.51915962744336
871,94.79993202527146
1015,93.74133889357965
1019,94.87084481835647
1077,102.16647172492594
1099,94.018607245713
1233,98.56266060502354
1251,95.45317769557909
1339,93.45488740471357
1378,93.40691985436588
1429,93.8896689086166
1905,93.92043972757352
1944,93.80263647761204
2035,93.31387739345864
2062,94.08265107464979
2080,94.43020952619604
2167,93.87208190426627
2171,92.9646920412332
2338,94.25848823216911
2389,96.66883426836505
2435,96.81585314410063
2454,94.3545835944105
2474,93.65151472789178
2507,94.87685927496607
2577,96.47427620077526
2580,94.96730749466059
2630,94.26458711823079
2715,92.51201335300652
2784,94.52022905542798
2849,92.17506174849404
2867,93.149977811895
2926,94.28521852041108
2933,95.09454995158883
3014,95.02094079039419
3091,94.15710089322063
3111,92.58749918054995
3155,96.53580861326861
3343,94.22741729826396
3346,93.10317338166895
3378,92.38567369434804
3441,97.01224677636002
3475,94.30507763112284
3487,94.9682163159841
3593,96.54833607444682
3641,93.88782884719414
3647,92.86370432957496
3666,93.76380128296739
3871,94.35427821429226
3943,92.20938066056048
4137,93.48035592834816
4283,94.68948658541682
4287,98.1886698151262
4374,92.70761697756559
4395,93.75022228876179
4399,103.23718547554661
4419,92.61620991159941
4423,92.48317509198068
4629,93.73812953850661
4803,93.73824831168402
4838,93.84039279486979
4842,93.1555800208007
4858,94.76876072291002
4873,93.80269424808388
5052,95.6211749422332
5075,94.02233762920578
5169,93.59816021918236
5203,93.59597677073377
5218,93.0040502977057
5302,95.30887376919792
5376,94.89856580818582
5402,94.54733262167117
5509,94.68363793335932
5532,96.23812856222645
5562,94.60501083369182
5609,93.6144482964442
5649,94.10489126637263
5778,95.27924926117542
5868,93.53811954076457
5934,94.16709266859634
5936,96.03604516968407
6007,94.22208470142397
6172,92.63088985853119
6177,92.45697106315538
6210,93.57298864959553
6216,93.1456313883903
6663,92.67410028915599
6781,94.58485454337934
6906,92.38252066152522
6910,93.07483883469926
6928,92.64998676532593
6936,91.95374700609585
7063,92.32802423045136
7083,92.7935518513591
7316,94.46023143172629
7379,92.86159637508878
7572,92.63924195915054
7866,91.55715013667866
7923,91.10620724372662
7933,92.49495878566627
8089,91.0818374060197
8154,92.57434375676759
8380,93.41698629239447
8386,91.66424493649764
2,100.67283977073919
56,93.26052995060554
91,93.66792593713637
99,93.56738501739589
140,93.69883660075425
236,92.83135508394305
243,94.21563578455554
251,93.21118048876639
256,94.45588145756854
259,93.33662
357,92.88989697279648
437,93.4756713236131
440,93.7588251928975
448,94.39726226866236
452,94.39542347758989
493,98.7125707988643
533,93.15113058235528
547,93.23312051317968
551,93.08794633918616
571,93.5416679828409
598,92.62613474118832
653,93.85640949275013
677,92.7749909880278
710,92.9880144726203
766,94.12649917767862
773,93.29799809310411
777,94.76056449351599
798,96.14942767071709
839,93.7173061087182
854,93.62098024376105
864,93.86388326445659
928,94.34055419278248
941,94.52568369687964
971,94.21545021280694
996,93.7141365858107
1000,93.26807650535386
1044,93.5224376381244
1066,92.64377474553716
1174,93.94818763771202
1178,95.04010670662451
1201,96.76360642044692
1228,94.52884892635718
1238,95.30038975372231
1255,95.65738602388281
1301,94.20774570426283
1307,94.64947629015552
1325,95.0534737568716
1348,94.70694719020027
1442,94.14332301608556
1497,96.11847383181282
1502,94.64806058385398
1527,94.60149888593082
1622,95.30284169923102
1636,94.72325829288646
1639,95.46558363608193
1742,94.37800343848306
1764,95.01667878254314
1768,100.10301783911899
1772,114.96849461630376
1788,103.75024416162724
1812,92.42521990235139
1825,93.67367021006676
1837,93.52029583340459
1865,93.40508602332011
1872,94.10300026503474
1882,93.47744828068521
1941,94.02025028487374
1965,94.66322821462586
1977,94.49442637031662
1997,93.28749049168947
2110,94.35407231911483
2138,94.4247999242644
2142,94.01908118466731
2175,93.66217343035869
2214,94.42523528426106
2218,93.68512134947855
2237,93.81464182582022
2277,95.34819408924461
2299,94.44147057249545
2330,94.13167553426884
2364,94.36308333867981
2415,94.9065523889016
2432,96.34586480748315
2525,94.46702572310278
2556,94.07986561856256
2560,94.66415608238033
2587,94.735237994231
2649,94.0592065891736
2670,95.05416854379304
2685,93.77934670445318
2710,93.90894973447861
2721,95.06637268668568
2728,94.88579094843294
2746,93.48758770049699
2753,93.93988685832733
2800,94.77693967536383
2804,94.0453648900001
2812,95.01837332527839
2816,94.94431923640714
2824,95.01102852783377
2834,94.4549434747119
2885,94.73599510931979
2942,94.03423116094804
2954,94.37579224206411
3028,93.37547989206767
3032,94.8338500367286
3041,99.47240405630748
3069,94.17424340427071
3113,94.17986470161577
3147,94.88826264428779
3198,94.52364721590583
3202,94.43164328007616
3213,94.25325370554317
3221,95.18200009274354
3234,94.00350714246038
3277,94.44134683491099
3287,94.49616126175779
3291,93.87496344849005
3299,94.00197726586394
3307,93.6309469400109
3372,94.92104214322553
3386,94.5475330123479
3419,94.5555667626162
3453,93.6687309574403
3457,93.92508593299267
3483,93.57703391568675
3534,95.35851926759624
3538,93.84881896530591
3551,95.53112215396762
3557,94.18587423168663
3561,94.62096069289282
3576,94.73099317363831
3579,94.71911594910166
3583,94.30362956004569
3604,94.49818449750039
3615,94.4446678108776
3621,94.0501273307171
3637,93.34181894713008
3645,93.85027052085171
3710,94.18698001017542
3716,92.9960238766314
3746,93.61859647627453
3769,93.40168333539805
3780,93.2432754785521
3784,94.16816556534614
3878,93.08278840447822
3950,93.67325202285481
3966,93.75367022745235
3973,92.42265539981342
3985,94.07442463951308
4007,93.52372232183825
4012,92.8121994573382
4033,93.08092389736198
4067,93.71612473051961
4089,93.7175454924557
4111,94.11471962471751
4150,93.84772490104338
4154,93.7359684627723
4175,92.67196495563174
4179,94.06532083242838
4215,94.16735087688907
4240,93.88094086750573
4263,93.74328622065623
4272,94.18884224617862
4333,93.68551864962414
4352,94.48402189423878
4391,94.31771619026169
4436,94.31934581881795
4446,93.93557134466782
4480,94.13652361437266
4484,93.7056273281956
4488,94.4879131929376
4521,94.46264731856768
4551,94.61096935694688
4569,93.95825082192532
4573,94.60305662313802
4608,95.08714624218857
4639,94.13564477227506
4649,93.81355326988286
4660,93.98740134832883
4682,94.0333050490665
4778,95.37562406029518
4788,98.39787555395526
4807,94.31236887370547
4816,96.4929108720416
4917,94.60379392178372
4928,94.3477092762377
4951,94.0329115100095
4976,94.12455289904676
4994,94.36987314976977
5014,94.80769064975338
5135,94.48576871054296
5142,93.94654693729672
5266,94.45153908266445
5287,93.86227176816378
5356,96.64707811253969
5398,93.14582331586924
5447,94.5919568900825
5451,95.41313510599234
5468,94.4754990909412
5528,94.6927389009988
5540,93.875959315979
5551,93.64419681092893
5555,94.63058463544014
5566,94.42120980952605
5576,93.91856772126899
5592,93.58805189344967
5605,92.81231645758332
5612,93.65893578549827
5645,96.40769576669872
5714,95.5821619497553
5736,94.76721817734845
5751,95.10432476354386
5754,94.45016020945998
5770,95.60067517496289
5782,94.05355138016927
5786,95.95518490089115
5805,95.20544140275383
5838,94.4907742286735
5884,92.79880411506433
6011,104.09110711963474
6040,93.4705563944932
6044,94.80666664997757
6065,93.49979573700476
6094,93.51709655302909
6105,95.07637147066777
6185,93.14807527321558
6197,93.36703982080662
6204,93.32593077551196
6219,93.61324722851236
6223,94.23605310351253
6240,94.33242993417024
6288,93.85694955953669
6293,94.06240300249631
6344,93.42232603185506
6354,93.0390969992125
6417,93.43300044335139
6455,93.24081181913205
6509,93.08645971240317
6521,93.06587864872631
6677,93.39336003689453
6699,92.9359324241151
6722,92.834849525964
6749,92.22332282448771
6756,93.55920387930992
6765,93.94763964053742
6832,92.04073191941677
6846,93.54942315093028
6920,92.84452558194558
6968,92.3134253399096
6986,92.25166175251208
6994,93.59425772347852
7011,92.66270025132401
7025,93.01373472552613
7036,93.14620156960758
7071,92.9528954524247
7137,91.86124454288587
7154,92.54720683132696
7163,93.45943439838227
7173,93.3422928508325
7179,93.27793294559048
7292,91.38343148379688
7312,91.80578811468341
7321,94.18374168167816
7350,94.59023098094703
7430,92.37322255062793
7437,92.11096616514125
7455,92.49847525765317
7472,93.49938130580996
7586,91.9716038584941
7600,91.56043001242197
7604,91.46186638519755
7639,91.57814427884132
7668,92.38788386056905
7678,91.58277061904339
7718,92.99204346680919
7822,91.15654515346792
7840,91.0466174746072
7850,91.84538919585093
7891,92.072435844128
7961,91.01016853186024
8009,91.794747866643
8029,91.74420212934332
8059,91.51165527764488
8067,91.53118208176845
8070,91.69176350560122
8116,92.37716442494268
8140,92.25595524695314
8202,91.38074162198912
8275,94.35959476616199
8364,93.57264236641947
8411,97.08219506455703
8416,96.84773
1856,92.59138471631888
1993,95.52841726710255
2311,102.06292927056563
2891,101.46659075299898
3993,93.04456303408097
4347,94.33203030948935
4686,93.91937423335405
4895,94.75612188173
5379,95.22058511145717
5496,94.46261225973126
5536,104.30837695562472
5631,95.71873008184991
6278,94.12292350892547
6413,94.16070833580731
6547,93.64284551779467
6858,93.54660191779364
7114,92.96736361876191
7433,93.23511441612557
7594,92.24247494605738
7622,93.11036122402759
77,104.936129826811
94,103.04672
242,104.27121683070209
462,104.90337804468464
556,102.7993522482504
704,104.01739870736434
933,105.7990305929468
1010,106.04327863334528
1022,103.69563817206915
1063,103.7322682791513
1167,103.82631763780479
1328,105.36001793770704
1713,105.72855523286186
2046,103.83670779194391
2655,107.79583671781552
2690,102.0956843435402
2752,103.87866401029214
2945,103.3001110593142
3040,107.47340343977355
3132,103.55107700471653
3322,103.91449406202601
3409,104.85848049932372
3540,104.10173569927797
3550,103.461036553769
3770,103.85853477536754
4112,103.55296665322476
4203,103.46566037147613
4916,104.70934265528626
5015,104.60795512166688
5079,103.92293166756349
5446,104.25212890095573
5901,103.7028926498648
6142,102.91397035930265
6144,109.32825549699737
7118,102.48137387824904
7169,101.78166792779234
7719,103.10258668035364
7786,105.17823216752056
7967,102.73456937625576
8277,103.4146385995798
5,114.48710545937864
55,114.91831698565608
98,111.74110265298559
111,111.35076918791451
113,113.73664817092741
123,112.43043721034087
179,117.77867615576338
247,117.69648689151587
267,112.09142224980246
297,110.9377811282968
347,112.17833785693968
352,111.8606510778183
358,113.19129980664218
392,112.7213581794826
412,111.98484762109784
420,112.63824371461249
467,116.05691036189944
498,112.14885573749983
502,113.58444986482122
519,111.41137760063923
546,112.1203471427978
570,112.51913936440836
576,111.16994291907857
580,111.85885837615255
602,112.07350552181401
616,111.26266245156971
646,116.91918163029595
654,111.88715385960916
656,112.99629181479001
668,110.63486639239217
709,113.65557943250305
767,113.5600973446624
774,112.15718460877527
793,112.0880505175429
861,112.0991805423626
865,111.43140146004856
935,111.63815972129446
980,113.42297844471629
1001,111.65212
1134,111.8934421191317
1187,114.26743274464111
1247,113.87998423699746
1250,113.43493542229157
1256,112.058766470869
1283,113.14965847029221
1296,113.8574605457839
1330,112.59379876298999
1340,111.75398540575632
1430,114.33879517519114
1441,113.74103172206158
1488,112.20877481830752
1677,113.27796114955031
1704,113.60196670245107
1771,131.50967130037552
1775,117.44562655237138
1815,111.27505059332606
1854,110.91018728307377
1897,112.7555432425582
1942,112.74061322737327
1979,112.39229352118491
2006,112.50877191344114
2036,112.7951815528404
2043,113.40725935107889
2063,113.1399238000771
2115,115.48107101889435
2215,114.0627373529705
2322,111.9889707078327
2335,110.45312937696833
2436,111.82690721222446
2440,112.9659366015901
2455,111.40247638222723
2582,113.94429735774581
2615,111.82624910447696
2617,112.0563790843974
2683,112.25372373996906
2711,114.71361871520308
2762,111.74788652145268
2771,111.41138967450293
2779,112.50069214626808
2858,112.9816413819734
2919,110.71612924167653
2968,112.89738159212963
3085,114.33511231973864
3116,112.13332827010765
3146,113.15565150407072
3173,112.33099694323737
3247,111.8496782077458
3320,112.7477961422415
3331,112.71124332143616
3371,112.97768026297963
3558,113.63861450147358
3610,112.22840623119582
3614,115.00667070946405
3618,112.05640956966018
3634,112.06868353988318
3640,111.81206725405862
3655,112.19516312600437
3695,111.81787889466086
3735,112.02630073834992
3793,110.90072577534652
3840,115.94804345655336
3853,111.50000633751095
3866,111.77025636853362
3947,113.71446642730099
3969,112.30479605391479
3975,112.3289710827108
3979,111.70037911384077
4005,112.29841498317779
4095,111.86557033366729
4116,112.78304519973638
4126,111.50142886398709
4188,118.89614191821795
4248,111.72410052841981
4265,111.30937772114429
4284,111.24663105455852
4441,112.73544007930711
4479,120.29258936495073
4534,115.15715293833289
4559,112.03151557186008
4605,112.32122701351362
4650,113.18144449995629
4767,117.33958453114887
4769,112.4222879955717
4777,111.83142740174439
4825,112.90209076342256
4867,112.48031763768597
4886,112.61124451256872
4890,114.80920080216224
4957,113.04171507830465
5063,112.76384112949059
5074,113.90110117489621
5137,112.53204801024538
5276,112.77982128960309
5316,113.95466616796011
5334,112.06893189381974
5389,113.38245227465633
5395,114.408367727113
5399,113.10101650124427
5403,112.21292847931436
5554,112.92973847413231
5579,112.8151662728613
5584,112.48639144035451
5608,112.45758779790542
5697,113.41883352159918
5750,112.66475545734606
5827,112.28079326379206
5860,112.36123642491118
5876,111.99132096235428
5933,114.83506847073504
5975,111.26190526931482
6017,111.59077827843582
6052,112.20408697631422
6139,114.63789030146772
6171,112.33178028292939
6173,112.8161093815773
6203,111.20509446055274
6325,114.48109476707788
6514,112.64322062229348
6594,111.05923270566768
6680,111.79367885722122
6755,116.09811999016358
6787,110.95446386999645
6833,111.22263634904948
6847,110.59774451171533
6905,110.14062912309343
6955,111.82629744434699
7033,111.92634885932416
7054,110.20381907011135
7064,110.64072394349621
7080,114.34971641425966
7101,110.4810893365917
7104,111.11956467848275
7147,110.20601204828624
7189,111.4090708157387
7261,111.76201282282118
7297,111.0308706225007
7299,113.08788464264444
7357,114.35261933133374
7405,110.13582490899499
7436,109.63933562514683
7445,110.94971668452281
7448,110.23484253329632
7578,110.4321985330356
7616,109.75724567101516
7690,109.94554481658115
7754,113.34182717537811
7817,109.36442363117982
7823,111.01107241619638
7879,110.31984950157135
7999,109.86359179010663
8030,111.17845442528447
8048,111.72763887266102
8142,112.18315222579741
8162,110.34645916611525
8246,111.43841914386034
8332,120.59170778921505
8358,108.47558870287592
8391,113.62861068848633
10,115.62889506147754
63,111.48211947776629
89,130.55165
103,114.18548930098292
117,113.14200564642873
181,111.62724485638694
183,113.58270764249517
185,113.57416218703149
187,111.85657268270431
194,112.0975859315177
196,113.08696137631732
226,110.45758054758221
273,113.82703024965782
288,112.8332569199434
292,110.87546048147418
307,111.30168277757355
313,110.36552140711358
330,111.26633728583522
362,112.09676799809115
367,112.22368164214686
406,111.62881497496096
408,111.9005658451809
471,115.96521696702378
488,111.65069572823244
490,110.72380395746643
558,111.75011231284786
589,110.74254076911166
716,111.50303545068493
726,113.13432567193719
728,111.32153776448786
806,112.09846788043876
820,111.68962387614782
872,111.15410670511847
893,111.76211807021097
947,111.97596067829113
965,111.97316351759476
1051,111.00150920528112
1080,112.18891754490572
1106,112.48829940402423
1110,111.53712528000813
1144,111.19304577443059
1241,112.37175372106424
1259,113.13793849396161
1263,112.78777110598351
1268,111.97617122240531
1272,112.24679885620174
1276,111.81593027600358
1313,112.97130573989983
1315,113.0796400655234
1317,111.24503717597774
1363,112.43016996365992
1396,112.37586530169965
1399,111.64453871599763
1406,112.63424988147771
1408,112.48680366917809
1412,111.80648949164923
1420,112.49060753551726
1424,111.56863228621103
1444,111.67844699833874
1454,112.60768932551264
1458,111.55407650296422
1477,113.17423557957795
1479,111.27329001832
1509,112.61108108675575
1512,111.92520789053943
1542,112.9091210274619
1583,113.27852146767327
1585,112.15648368229425
1629,112.54128979226668
1659,113.22409734019459
1664,114.19262984004456
1689,114.90683876670325
1697,113.66295032049966
1761,114.47447194195162
1763,113.27990777086582
1809,117.24915921089176
1859,114.15697769897476
1932,112.9735107927775
1955,112.46162823235427
1960,112.40839525144538
2024,111.80023287042054
2073,117.33015754163902
2087,112.32797043838974
2091,112.68927180476607
2101,111.74735452065192
2107,116.63192781002267
2129,112.35716337345472
2159,117.52737851598187
2223,112.48946759980078
2225,112.51958791582149
2250,112.46982351666922
2309,113.7324369668845
2354,112.07038052572015
2355,117.32188111512075
2357,113.05484882120305
2361,111.91497043468979
2408,118.08840573246853
2409,114.26904409685909
2460,111.20135776085608
2497,112.41944430466772
2659,111.0295200396801
2679,113.6828692588419
2714,113.11671307045445
2732,111.63480909640889
2739,115.14657548018606
2769,112.22073418188717
2817,112.68384943369735
2818,111.27178582840145
2839,111.28649105966952
2850,113.28419794527979
2898,114.11583628071814
2900,113.41907620530003
2913,112.50797671015368
2975,113.14590216516176
3002,113.01393291512782
3004,112.59346150393715
3056,112.53321610393931
3121,112.87385495309849
3156,112.98672759364983
3179,111.67950354152738
3214,110.73321022748887
3228,111.55519745916513
3239,111.1332991793754
3256,112.8858845992379
3436,112.4455838604758
3496,112.49645727563218
3526,112.96880797541559
3539,111.67748234501532
3662,112.88528949513311
3674,111.95445692755295
3686,110.65451425255095
3729,112.58961069877846
3760,112.1089432994487
3789,109.98728604845115
3800,111.81307860524998
3836,111.44879338623355
3846,109.92201290477828
3868,111.96464381691396
3881,111.90171310249393
3883,111.34013318251203
3902,110.37702132224138
3937,111.67197082457373
3939,111.45220167708817
3951,111.19230823711219
3988,112.02649382063737
4015,112.17115265316052
4018,111.43040376521242
4026,112.22862703368982
4042,110.72378318571623
4078,113.34540393186906
4086,113.27684660138812
4088,112.83690211841797
4119,112.02237087640417
4157,112.22085587757795
4216,113.41287708332709
4222,111.07988174701138
4271,112.2987305718757
4353,111.91410446886461
4428,112.67862064284567
4447,112.87467747186797
4456,113.0883464370927
4458,112.17670564654073
4578,112.0434733933928
4580,112.70739412627836
4596,113.16415798318472
4618,111.9962164244191
4634,115.58912798979588
4739,111.92991013514376
4749,115.05380747309523
4843,112.6869726391845
4878,112.01512644835564
4947,111.78715190347918
5009,111.78439895272554
5065,112.28968494579927
5108,112.53537825887231
5112,111.8367676114187
5165,114.62323469283616
5167,112.99568712331286
5191,114.2788394301745
5204,111.88818162610886
5329,112.27486702681766
5331,111.70141204397486
5425,111.77591715919091
5429,113.27334380421779
5459,113.23533242493501
5465,121.43231043660109
5497,117.0703100168583
5499,112.51567538903139
5559,111.73554870428826
5653,112.68427307813063
5655,113.07941042113418
5683,111.57161079594505
5724,112.65591588696236
5789,112.98205529589218
5831,113.70792503128554
5846,112.16978409489009
5871,112.3841457437897
5874,113.53305174089735
5886,111.29263224073543
5914,114.55158558409812
5968,114.15903119917698
6001,111.96100654616855
6026,112.19934320895503
6028,111.82251820258493
6036,112.9851416989269
6072,111.12037192363077
6080,111.27575512456258
6092,111.47902696778972
6109,111.1308702716416
6114,111.19221689909573
6132,111.66181032088349
6159,112.36309556710607
6164,111.62224201152769
6254,112.30739493913022
6275,111.86692913137118
6300,111.98189998023038
6312,111.40698747876638
6368,111.72567032834338
6420,110.91526432041938
6437,112.29957763192822
6442,110.33529576185917
6450,111.62309355243656
6496,113.95216249734533
6505,110.91311657995573
6529,112.3512917361366
6553,110.79001875185524
6569,110.18622419994284
6613,110.17563049077751
6617,110.26855799212233
6639,110.38015236271868
6665,109.63589544641115
6692,110.27625638668171
6707,109.93950616894647
6721,110.58023551824162
6747,111.29419758274985
6753,109.64027412915469
6795,109.50054836487357
6829,113.60891865920662
6831,110.28846329865375
6923,109.52356770234131
6987,111.28035732031844
6989,111.6257331180041
6997,111.53648623084712
7030,109.99051913581678
7185,112.50425528738033
7207,110.47287480446107
7214,111.57105307199193
7216,111.29896544123528
7224,109.72941747130407
7226,111.29896277329199
7234,111.66195197194516
7244,110.5195704589107
7269,110.52307435802531
7304,111.53131389135508
7337,111.93485173834665
7342,112.41058130037108
7344,111.4572331530483
7345,110.13308280080476
7374,110.63065908883429
7434,110.31263347648417
7442,110.24691682390035
7465,108.82253188493182
7473,109.49914514771258
7484,110.34264807234997
7511,110.30293482228062
7593,109.5635331966834
7615,110.61640802199697
7636,111.3834795474085
7637,111.38347928061417
7652,108.29802215552498
7695,113.2606712446941
7699,111.00197257935078
7703,111.06106126121836
7707,109.93902653287064
7740,110.74514359360421
7741,110.53562998045571
7744,111.59322466122791
7763,109.52091686765147
7767,110.98808174334742
7774,121.3468741261982
7825,109.8514150080913
7834,109.74122406499025
7949,108.53800226222306
7951,111.23966833244015
7960,110.79314544382373
7982,110.82112927975213
7989,109.20358251248764
8024,111.09781332585514
8081,112.65431658486546
8087,111.32750605332954
8143,110.87920696500375
8155,119.04992681329794
8194,109.87023903411402
8238,112.15209409428178
8257,109.8450859142223
8261,110.9744564901114
8282,109.17194539426642
8289,111.17688110626055
8299,110.7612454648826
8370,111.21887194007155
8377,110.61569127675948
8379,109.8997345088119
8,97.55623434137915
28,92.00675
42,87.73572
97,94.08184185057985
120,97.2425266394335
122,95.3821739258388
148,93.25046329452478
157,95.86265113995785
180,95.84091327305568
231,93.83785621000295
248,92.67813006678864
249,94.34294224918305
254,94.73816083610366
257,92.96846450772539
275,96.82429851783424
283,93.20309936668241
296,97.85274416215411
343,93.69521113220416
413,92.61239464887768
421,92.88233320869624
438,93.51179063419966
516,93.02010366620159
579,93.98087611111113
623,92.38470037743957
663,93.09678720335381
675,92.76899821693182
715,93.16951484744243
731,93.27372298275306
754,92.84822597110839
756,93.72099360961317
768,92.36304761755473
792,93.24952091012885
800,95.11662455049111
829,96.04624672942327
866,93.8530063866234
921,92.93103556592594
959,93.75967176970106
988,92.71136487901965
1002,92.58579045688782
1004,91.472
1013,93.16127762866456
1120,93.69755859468569
1125,93.52543689564887
1137,93.80937155092442
1150,93.83374799889616
1188,94.40703549965258
1222,94.87468026849649
1246,95.47254628161096
1282,95.1462478884335
1286,94.80991163255368
1299,94.59621791044079
1306,94.14346268015326
1387,94.59226783748768
1465,95.06319683628651
1519,93.56427344316423
1529,94.41010267350335
1566,93.26199955129168
1580,93.68613651314786
1586,95.71060804300481
1588,93.40953599952475
1620,94.11210370861765
1652,89.77625
1656,105.29614251164446
1678,94.99535759022596
1680,96.77322281265863
1703,94.36490133461565
1730,98.55704782863381
1787,97.5633220187813
1801,92.50275258118718
1814,93.07215790110217
1816,94.83185101576225
1853,92.66200610524925
1868,93.12280714265285
1973,93.72783645486122
1975,94.30013913032754
1978,95.89437645963163
1981,94.9056902029014
1988,94.67049699012625
2003,94.75941521952946
2037,95.22792782668664
2072,96.32749876652049
2114,95.89262418969291
2122,94.30173767790022
2189,93.55621737788188
2201,94.44559026557931
2204,94.12539451216348
2216,93.99162457339746
2226,95.12118524357074
2235,94.99102751758095
2253,94.98758129543175
2273,94.37464932774306
2275,94.54586145704373
2279,94.21377375389085
2288,93.16545275911903
2301,93.79100623659353
2342,98.39539649570933
2383,94.0084630820141
2400,96.23217154583295
2434,93.42399211945023
2469,94.56445650209582
2513,93.88806678231545
2518,93.70619877295019
2520,94.99923819704382
2530,94.6204063598738
2558,93.27744381465654
2562,94.58421183739252
2564,93.22296612352461
2583,97.74155930196935
2608,93.84683615212963
2614,93.75874194383555
2620,93.9189474453462
2624,95.37463368796915
2636,94.42783699417915
2647,94.31309407750742
2662,93.61534202228056
2684,94.8940100836292
2717,94.03212653270448
2774,93.49773600417412
2814,93.17227043311415
2826,91.72102368626469
2901,98.3349989963998
2920,94.0663881552634
2950,94.26189201728607
2967,95.15412045039277
2969,93.54275062540323
2981,94.58400397448868
3058,94.07181233071776
3077,93.72325396099576
3082,95.67408377459617
3097,93.82209195460685
3106,94.47838178509882
3115,95.53486718786023
3117,95.04996188020993
3129,95.18309294106223
3159,93.42415694538555
3172,94.57066072988927
3193,94.25851116561982
3200,94.62325489435723
3205,93.5497944797193
3219,94.93338776389764
3319,94.95482199300734
3324,93.57218986256436
3330,93.61380383263584
3355,93.22989587277245
3439,96.0768400156036
3473,94.77257690226504
3536,94.92349540699824
3546,93.53694076059587
3639,93.54168988286499
3654,94.77481025908897
3671,94.31534469750056
3728,93.35434429858469
3736,95.70680987783844
3782,95.17286096483987
3835,93.17935249782488
3876,94.3498247515772
3914,93.74577994412164
3916,93.38851621128136
3948,94.51176736382679
3977,132.08556
3994,96.8289925185807
4031,94.38006311560503
4051,94.82699786722276
4077,94.56829939483363
4115,92.81138013125299
4125,93.82497073443187
4185,93.39227339806665
4247,94.0036027837388
4274,93.48623395118894
4297,94.08904470922221
4393,94.10430867821405
4401,93.79728067120759
4440,95.32867770718337
4478,94.7996258968689
4511,92.77364523173156
4519,94.50994901424741
4531,94.79988067218953
4549,93.52190807405248
4601,94.4834183266017
4606,94.03859195799207
4631,94.09606523543236
4655,93.4660656865944
4665,96.13174275282556
4697,94.06248869129554
4723,96.30280231598151
4727,94.1986817615555
4731,95.94074574656777
4766,93.9609328840832
4770,95.05382579135966
4818,92.98451927119474
4824,96.22330039363301
4836,96.61512338221503
4840,95.69485985392716
4864,96.45237323186171
4868,94.27102784309936
4903,95.87120370315795
4956,95.11204446214701
4986,94.93816821113313
5023,94.87259848990068
5032,95.23727549816476
5107,95.08344660705268
5144,95.33449920171616
5155,94.08175601418208
5171,93.12944812736477
5176,93.76944121173044
5222,93.57464618270397
5232,93.05790023273029
5240,94.31686263694989
5251,93.87790400543538
5268,94.52466060382659
5289,95.33020739905821
5309,94.84487764307717
5348,93.8999266341409
5404,94.65235366282612
5440,92.78253549471806
5485,94.7154664856174
5511,94.82398359597762
5560,94.66511507200919
5583,95.3657599450767
5610,93.36725435098067
5663,93.24840622965519
5692,94.09639472612535
5698,94.0358057934542
5755,96.04153501245361
5757,96.41227308017248
5772,95.2314823303329
5776,94.93213784264584
5822,96.52887978328219
5851,95.48766102823465
5870,94.2454896047348
5877,93.25668495784213
5906,92.71859037823151
5951,93.17565691320027
5974,93.08649950412159
5998,94.0055532811865
6030,94.42542435109458
6042,94.28629308845996
6053,92.63109659458105
6067,94.48615674374442
6087,94.22284320066383
6100,93.18410133535126
6140,95.39372989184568
6160,94.40630542754111
6189,94.77191386203343
6202,94.39789425880038
6217,93.9503379299008
6284,94.61032756825936
6292,93.95843004720909
6364,92.91931680560232
6381,94.74008680506914
6405,94.66430491500701
6406,93.42226448765683
6418,94.64876661274475
6429,94.07656818248158
6457,93.62152251266274
6471,94.20868661578221
6481,94.38536244228952
6495,96.32098199597283
6515,93.20553804814023
6536,91.92288756549821
6540,93.6883369751669
6564,93.87607940842001
6593,93.33887360953952
6595,92.4914228437032
6602,91.92148157977054
6614,93.80457597216503
6616,93.17233549567504
6675,93.27101508165408
6679,93.9344802287895
6689,92.70014308567424
6701,92.88229296090026
6704,92.71648378997672
6713,95.6918738192267
6724,94.81968595022647
6743,94.02570998182487
6761,93.21989970470877
6763,94.82679790294219
6771,92.47105616432303
6786,93.18428847649875
6834,93.69945720504057
6836,95.1786823105031
6838,92.8617403181871
6843,92.30337207962675
6845,91.55903628834021
6922,93.5064655268609
6941,93.08985494338758
6954,94.06713442235262
6966,94.57307861823465
7010,91.85911308606677
7013,93.09531935897348
7019,91.23621441759458
7027,93.4499718801073
7044,93.68074929209119
7046,95.46213107321971
7055,96.23022062772651
7079,92.38292014416152
7100,92.97213569559392
7109,92.94877820020618
7133,92.3539371162812
7135,92.57268584278664
7141,93.91230994325412
7188,93.43590413830061
7197,95.06924905788833
7201,92.57280302033094
7260,93.37046603883395
7314,92.5322412394941
7356,92.36123737418525
7370,93.41818437174034
7509,93.75945918838192
7538,93.41995531064417
7562,95.71303021946856
7579,92.45366696774545
7602,92.71376964689814
7635,93.05673513787086
7645,91.9556760730823
7662,94.73922443172414
7664,92.60432768746705
7683,91.51810879233729
7733,91.6799795414856
7832,92.99858683483758
7842,92.31220663485067
7868,91.04188019245197
7878,91.75567246458316
7919,91.15758031510909
7927,90.27439856811309
7974,92.43084038100427
7986,92.03866897853253
7993,91.36391027198147
7995,92.69607600117043
8002,95.84858
8007,87.44019
8011,92.34908666823999
8031,91.68048697200184
8042,91.19730885117974
8061,92.64154908578439
8072,92.36317633229073
8128,94.28094738829738
8163,92.08498569392067
8170,92.66115122771379
8173,91.50294497349982
8231,92.0973364247249
8271,90.87335248581701
8288,91.25455998827461
8317,92.5166544513005
8320,90.15382446276
8338,91.87888669767868
8360,91.73727245615214
8413,93.8821044699052
26,96.31260523242504
35,93.77717047043627
58,94.19829496457528
69,93.77705204477412
71,96.28889901800623
93,105.79792
110,83.31692
163,94.33406177649125
198,100.04639961930958
373,93.83332750150988
480,94.18151071550271
499,95.13680314759391
557,94.78585332700588
566,93.20199978139186
617,94.2814504174906
645,93.91184643483545
648,96.7780654429129
652,93.65921662386337
671,95.99207342107859
682,94.80625405119015
698,94.2952004271965
712,94.23915238391133
770,94.28906670932429
855,94.71462297861619
869,94.38499799244846
904,94.63297346893778
910,94.81009116402561
934,94.6797162103432
943,93.70326387385427
973,106.76189
981,94.4578110273364
986,94.6904521539326
1021,94.55625448198391
1024,94.48102530839128
1027,94.0814489148829
1056,94.77394549774215
1064,94.49680560703986
1097,94.75978457545068
1101,94.87058199504561
1168,94.95816991409636
1172,95.10197342818064
1176,95.32091563899813
1186,95.0576702184065
1203,96.80994905631995
1323,95.35378387510288
1329,95.04763314059198
1354,95.67872070355172
1360,95.10403340312673
1380,95.22586441164121
1427,96.65951901444218
1431,95.33890981615004
1469,95.09408865278571
1487,94.6678022704538
1499,96.4290447964609
1562,95.6182672327595
1616,95.17541759356861
1634,94.87744933098422
1641,96.90335586169914
1648,96.34954998632584
1701,94.68578106513912
1706,95.32698202202035
1708,95.726347231433
1710,95.80699194117115
1726,95.4886415760371
1747,94.195175836057
1749,95.78426971839177
1751,95.59334524007109
1766,97.2021117407978
1774,99.82087473769862
1790,98.49883206816514
1803,94.25756425657715
1828,94.36458019007178
1860,93.79559429669621
1896,93.97533831351961
1915,94.23341842241662
1917,93.56300208339728
1925,94.12005821052803
1999,95.05248724565028
2007,96.90489447408861
2033,95.68376059919278
2120,95.04842664322389
2220,94.69360447676759
2271,95.09902010565251
2291,95.11167702155628
2297,95.00962397266672
2352,94.8691121224277
2366,98.59055825008488
2382,94.87171082839598
2387,94.73375877827846
2399,95.40129054175304
2413,95.18273347846377
2426,95.43760014599388
2500,94.98240729262864
2509,95.15114421032733
2575,94.76127725701224
2632,94.26548407282148
2689,94.44525476132719
2699,94.3151382174841
2726,94.42166533614007
2758,94.4849104553676
2764,94.59580375752587
2822,94.17230093807716
2848,96.05862018468663
2861,94.12517597902972
2883,95.21662416150714
2909,94.6184440522844
2914,95.03324167961024
2956,95.59773769317133
2960,95.02252962338935
2972,94.9133414898471
2987,94.90442381198814
3006,94.8502614440413
3010,94.97033122507912
3039,94.97542500985345
3074,93.19712109617292
3093,94.95079696392914
3123,95.55526201481989
3135,94.9950467461759
3145,94.7723113942058
3161,94.5010746215836
3163,94.69130633572247
3186,95.20906397305315
3227,94.68158374655627
3233,95.36959678284074
3264,96.6729245838316
3279,96.63070142785261
3303,94.38060258233533
3317,95.13480772986445
3321,94.45526412118323
3348,93.59517492717644
3374,95.12825366883918
3382,96.01968478845471
3395,94.74646091079217
3398,94.87785354302635
3400,95.40337079101323
3466,95.63310476950153
3485,95.1872767989168
3499,95.2270274173449
3501,95.38290723996822
3504,94.52604913978054
3563,95.1599191004125
3574,95.31579945503078
3578,95.5551685978465
3585,95.0320563697657
3595,94.54092252588457
3617,95.85971179661658
3633,94.3482498307339
3708,94.20357650084668
3726,94.56948254653052
3744,94.41958811614013
3774,94.98666689600213
3786,94.47106515133821
3804,95.16867081437277
3810,93.7336141885412
3816,95.45563965873926
3831,94.19176796069802
3865,93.3851452844765
3890,93.6399038801511
3928,93.9056738729887
3968,94.4765752133784
3970,94.51077372580288
4009,94.23151210041334
4029,96.21719731315511
4047,95.64244072879289
4113,94.42448692245047
4142,97.19615678524242
4168,94.53724995872328
4173,95.63344663484327
4183,95.30748825807837
4202,95.46610593068533
4208,94.8360272847636
4219,94.85787623471602
4232,95.81065664267574
4243,94.72187401246237
4280,94.12835216988124
4285,94.95689301054487
4310,94.59438100340908
4368,94.32947273261514
4372,94.2506609054014
4376,93.76664341976705
4380,94.69414936333241
4444,96.00767533109392
4468,95.96084800066528
4486,95.30865292597696
4490,95.14627710840358
4499,98.22727355589956
4513,95.80501413073318
4585,95.14960361027299
4603,95.00532950052063
4610,95.25182319773899
4620,94.59707352051834
4627,95.40202618176663
4647,95.03981279737742
4668,95.4532421041311
4676,94.55635156366763
4680,94.97572670600069
4717,95.36867818128394
4720,96.49020498083632
4737,96.7141521748244
4755,96.02463763175967
4758,94.33943196579033
4763,95.53763156629685
4786,96.37361601323528
4805,96.94116433317402
4830,96.48761215689757
4860,97.06115660261196
4875,97.14426147158385
4889,96.8142830291501
4915,96.97201725728165
4943,99.97413901597425
4988,94.23037329989832
4995,95.56699776229804
5025,96.56991944596814
5046,95.29767518378151
5051,94.76796753063668
5054,96.63585765212919
5055,95.08952764103098
5062,101.89988716307589
5071,95.87996315910551
5080,94.70535608812689
5122,95.94402127281008
5196,95.57081580834954
5224,95.87731832051499
5259,96.68328228170485
5281,94.66691587253074
5285,95.45641115528879
5293,95.20348035898705
5317,94.8851964708819
5320,96.66738000759142
5408,94.63250139476155
5417,94.74016755236909
5462,95.20362600560863
5466,96.4258700908456
5476,95.88794995994162
5507,96.58304056627053
5517,96.53978623286996
5527,96.76873915167796
5568,95.25760201275239
5572,95.03569713570083
5581,94.98538085783211
5594,94.66140786639384
5603,94.66140546524487
5621,96.77841523000423
5667,95.46116256032964
5687,94.73857274504303
5694,95.34984757693483
5729,99.17395169518848
5768,96.78564834180467
5784,98.01758529623993
5788,95.9683883755465
5803,95.57655194908178
5815,97.3639627354134
5839,95.7627730384972
5853,97.2156412282515
5866,96.06446792885481
5898,95.86896733692724
5932,95.86755026078225
5965,93.712690314734
6016,94.32918547166257
6018,96.50859421118639
6062,96.34837790273718
6145,95.01272725119252
6156,96.94685737354052
6176,96.57694219817945
6235,96.18161700907181
6242,93.42900945726622
6255,95.12360641211701
6295,92.03194382383992
6310,94.85589408624791
6330,95.9579106716933
6341,96.87300542094162
6395,96.96309678644802
6453,94.66546658491472
6461,94.06461312007265
6469,95.0716889797278
6479,93.63042915911858
6508,95.32735514291828
6519,94.53033659390344
6556,95.00111744834045
6574,93.78676414970629
6586,93.91318534660638
6609,93.87597001610997
6634,94.06400782813188
6642,93.92393805422195
6671,94.27546423705513
6779,94.14031543860558
6865,92.54410075551193
6867,94.68948428084525
6886,93.585484761552
6890,93.951083647071
7061,96.12185651332906
7081,94.0149389885439
7105,95.27277200012725
7117,95.60352378888877
7120,93.60179130558053
7124,97.33480156238836
7151,93.70456314509254
7156,94.72908957463297
7161,93.8311605847236
7170,94.17818900021128
7240,93.57722908535213
7256,93.59785972381742
7323,93.53087789109868
7358,93.90937683535405
7377,93.33280062435956
7399,92.87999018945463
7421,92.88308892063593
7566,93.04125537048206
7595,93.27839973305588
7633,93.77748577274532
7666,94.5249899794048
7693,93.3974355106908
7722,93.85181873142817
7757,93.02547540259332
7761,92.0307696173863
7771,91.72820790994244
7837,91.89570096695718
7846,92.07303158749198
7889,93.5978675338713
7925,91.76965561165139
7932,92.55177328797913
7965,92.59999374983158
7968,92.4787760345291
8013,93.53292413926908
8101,93.1941498071238
8181,92.01062971986737
8207,92.66271442179686
8233,92.39558981260048
8254,93.30825672297324
8276,93.54026146976442
8315,93.5612212080792
8346,92.51287735032933
8365,93.40142728919922
8376,93.60725688362959
8394,93.36993354413039
